candidate_id,movie_id,title,year,director,runtime,genres,tconst,review,match_source
1,tt0791304,Georgia Rule,2007,Garry Marshall,113.0,"Comedy,Drama",tt0791304,"I haven't seen this, & don't plan to see this movie or any other that includes Lindsay......unless & until ""poor little rich girl"" straightens out her life for a 2 year period beginning with her most recent arrest in July 2007. In fact, I don't know anyone that has gone to see ANY of Lindsay's recent movies. I rather imagine 2007 will be the high water mark in her movie making career, until she cleans up her act. All of the recent publicity has only hindered her movie making career, if she has any further aspirations to make any more movies Up to this time, movie producers have actively sought Lindsay for roles in their upcoming production. Now, Lindsay will probably have to go to auditions & actually compete for ANY role. Her reputation is currently ""poison"" & quite possible could have a negative effect on box office ticket sales on any movie she is in. Sooooo....now Lindsay is going to have to deal with ""not being wanted"".....is she going to be able to handle this? I wonder if even Jay Leno will want to have Lindsay back on his TV Show? All of the foregoing is merely my OPINION. I have no inside information.",expensive_accept
3,tt0417148,Snakes on a Plane,2006,David R. Ellis,105.0,"Action,Adventure,Crime",tt0417148,"I chose to see this movie because it got a good score here on IMDb. But a lot of people either have really poor taste or someone's been fixing the score. Either way it was a real disappointment. The movie is exactly as stupid and far fetched as the title would suggest. There really is no reason to give a summary of the plot - but here goes: it felt like someone had been thinking: ""Wouldn't it be cool to make a movie where there were snakes on a plane? And then the snakes for some reason would go crazy and start biting and stuff?!?"" And that's about it! The plot is thin and unoriginal. The snakes are bad CGI (but it makes sense to cut corners on a movie that no one in their right mind will recommend to anyone!). The acting is poor, and all people are unbelievable stereo types. To sum it up: It's one of the worst movies I've ever seen - stay away!",expensive_accept
4,tt0801427,Six Degrees,2006,"Eric Laneuville, Jace Alexander, Juan José Campanella, Rodrigo García, Mary Harron, David Semel, Wendey Stanzler, Tucker Gates, Tony Goldwyn, David Petrarca, Tom Verica, Dean White",,Drama,tt0801427,"You probably all already know this by now, but 5 additional episodes never aired can be viewed on ABC.com I've watched a lot of television over the years and this is possibly my favorite show, ever. It's a crime that this beautifully written and acted show was canceled. The actors that played Laura, Whit, Carlos, Mae, Damian, Anya and omg, Steven Caseman - are all incredible and so natural in those roles. Even the kids are great. Wonderful show. So sad that it's gone. Of course I wonder about the reasons it was canceled. There is no way I'll let myself believe that Ms. Moynahan's pregnancy had anything to do with it. It was in the perfect time slot in this market. I've watched all the episodes again on ABC.com - I hope they all come out on DVD some day. Thanks for reading.",expensive_accept
5,tt0410162,The King Maker,2005,Lek Kitaparaporn,92.0,"Adventure,Drama",tt0410162,"THE KING MAKER will doubtless be a success in Thailand where the similar (but superior) 'The Legend of Suriyothai' set box office records. The film directed by Lek Kitaparaporn after a screenplay by Sean Casey based on historical fact in 1547 Siam has some amazingly beautiful visual elements but is disarmed by one of the corniest, pedestrian scripts and story development on film. The event the picture relates is the arrival of the Portuguese soldier of fortune Fernando de Gamma (Gary Stretch) whose vengeance for this father's murderer drives him to shipwrecked, captured and thrown into slavery and put on the bloc in Ayutthaya in the kingdom of Siam where he is purchased by the beautiful Maria (Cindy Burbridge) with the consent of her father Phillipe (John Rhys-Davies), a man with a name and a past that are revealed as the story progresses. There is a plot to overthrown the King and Fernando and his new Siamese sidekick Tong (Dom Hetrakul), after some gratuitous CGI enhanced choreographed martial arts silliness, are first rewarded by the King to become his bodyguards, only to be imprisoned together once Queen Sudachan (Yoe Hassadeevichit) reveals her plot to kill the king and son to allow her lover Lord Chakkraphat (Oliver Pupart) to take over the rule of Siam. Yet of course Fernando and Tong escape and are condemned to fight each other to save the lives of their families (Tong's wife and children and Fernando's now firm love affair with Maria) with the expected consequences. The acting (with the exception of John Rhys-Davies) is so weak that the film occasionally seems as though it were meant to be camp. The predominantly Thai cast struggle with the poorly written dialog, making us wish they had used their native Thai with subtitles. The musical score by Ian Livingstone sounds as though exhumed form old TV soap operas. But if it is visual splendor you're after there is plenty of that and that alone makes the movie worth watching. It is a film that has obvious high financial backing for all the special effects and masses of cast and sets and shows its good intentions. It is just the basics that are missing. Grady Harp",expensive_accept
6,tt0462570,On Probation,2005,Damián Szifron,112.0,"Action,Comedy,Crime",tt0462570,"I sit through movies like ""Tiempo de valientes"" and I want to talk about cinema for hours. The admiration this movie caused me is beyond my own limits of explanation, because I'm watching the scenes of the film and I search inside my thoughts for film-making ideas and dialogue innovations that could emerge from something bigger than Damian Szifron's mind. Looking the environment, so uncompromised, so simple, I'm thinking; this man is a genius. No wonder he created what is probably the best television show Argentina ever witnessed, and then a first movie full of elements some contemporary directors haven't still achieved. ""El fondo del mar"" is the name and, it awakened (a few years ago), my enthusiasm for our everyday cinema. Starting his journey from people's daily real lives, Szifron goes where Pablo Trapero never could in ""El Bonaerense""; the Federal Police Department's life. Trapero's film was a journey into a man's mind and experiences, not into the places he saw. Yes, there was a detailed training and lots of crime situations, but Szifron in ""in there"", his is more of a detective story, like the ones we know and love, with the mysteries and the thrilling music. But there's a lot of humanity in his writing, and he shows us his investigation through the eyes of his main characters, Alfredo Díaz and Mariano Silverstein. There are a lot of actors of great caliber in the film, but these two actors are the ones the film can't do without. The first character (Luis Luque) is a detective that has just found out his wife cheats on him; and has to work on a case. The second one is a psychiatrist that is assigned the treatment of the detective. He wants to deal with him in regular sessions but the sheriff takes advantage of the time disposition and suggests he joins Díaz in his routines: ""It's nothing, the usual stuff; no problem"". But it is bigger than that, and it will unfold a part of the doctor's personality he didn't know. The relationship developed between the two leads can't be explained unless it is observed, because it regards such a complexity that demonstrates how talented are some men like Szifron that are trying, today, to leave a signature in our history. Reaching points of unbelievable spontaneity, during a high pressure situation, Díaz tells Silverstein: ""How do we continue our treatment?"", and Silverstein answers: ""No, I'm not your doctor. You call me to have dinner; I'm your friend"": we laugh because we can't help it. And we can't help laughing when Díaz crashes a car in the street and doesn't gives importance to it, or when he trespasses all the red lights in the street, or when he smokes pot in his police patrol and Silverstein can't believe it (but then smokes it too because he's screwed up); or when Silverstein tries to be friendly with Díaz's robber friends. Magic from Diego Peretti is what we receive there. He, a psychiatrist himself, gives a performance in plan ""Locas de amor"", but impresses with all his range. Luis Luque on the other hand, is back on track with a top-notch portrayal that reminds us the great actor he is. There's a passion I have for this, and as I said, I could write about it for hours, but unfortunately that's not the way it works and I have to be precise and summarize. Although I have to watch a lot of the old movies and study them, I could assure that ""Tiempo de valientes"" is the comedy Argentina had been waiting for and never got Until now.",expensive_accept
7,tt0334541,Tremors 4: The Legend Begins,2004,S.S. Wilson,101.0,"Action,Adventure,Comedy",tt0334541,"Well...tremors I, the original started off in 1990 and i found the movie quite enjoyable to watch. however, they proceeded to make tremors II and III. Trust me, those movies started going downhill right after they finished the first one, i mean, ass blasters??? Now, only God himself is capable of answering the question ""why in Gods name would they create another one of these dumpster dives of a movie?"" Tremors IV cannot be considered a bad movie, in fact it cannot be even considered an epitome of a bad movie, for it lives up to more than that. As i attempted to sit though it, i noticed that my eyes started to bleed, and i hoped profusely that the little girl from the ring would crawl through the TV and kill me. did they really think that dressing the people who had stared in the other movies up as though they we're from the wild west would make the movie (with the exact same occurrences) any better? honestly, i would never suggest buying this movie, i mean, there are cheaper ways to find things that burn well.",expensive_accept
8,tt0337640,Hollywood North,2003,Peter O'Brian,89.0,Comedy,tt0337640,"Ouch! This one was a bit painful to sit through. It has a cute and amusing premise, but it all goes to hell from there. Matthew Modine is almost always pedestrian and annoying, and he does not disappoint in this one. Deborah Kara Unger and John Neville turned in surprisingly decent performances. Alan Bates and Jennifer Tilly, among others, played it way over the top. I know that's the way the parts were written, and it's hard to blame actors, when the script and director have them do such schlock. If you're going to have outrageous characters, that's OK, but you gotta have good material to make it work. It didn't here. Run away screaming from this movie if at all possible.",expensive_accept
10,tt0219400,Waking Up in Reno,2002,Jordan Brady,91.0,"Comedy,Romance",tt0219400,"I've seen some crappy movies in my life, but this one must be among the very worst. Definately bottom 100 material (imo, that is). We follow two couples, the Dodds (Billy Bob Thornton as Lonnie Earl and Natasha Richardson as Darlene) and the Kirkendalls (Patrick Swayze as Roy and Charlize Theron as Candy) in one car on a roadtrip to Reno. Apparently, Lonnie isn't too happy with his sex-life, so he cheats on his wife with Candy, who's despirately trying to have a baby. Roy, meanwhile, isn't too sure if his sperm is OK so he's getting it checked by a doctor. Now, I had read the back of the DVD, but my girlfriend didn't, and she blurted out after about 20 minutes: 'oh yeah, she's gonna end up pregnant but her husband can't have any baby's'. Spot on, as this movie is soooo predictable. As well as boring. And annoying. Meaningless. Offensive. Terrible. An example of how much this movie stinks. The two couples set out in their big car towards Nevada, when they are stopped by 2 police-officers, as they didn't stop at a stop-sign. The guys know each other and finally bribe the two officers with a case of beer. Not only is this scene pointless and not important (or even relevant) for the movie, it takes about 5 minutes! It's just talk and talk and talk, without ever going somewhere. I still have to puke thinking about the ending though. Apparently, Roy ISN'T having problems down there so he IS the father of the child. How many times does that happen in the movies... try something new! The cheated wife ultimately forgives her husband and best friend for having the affair and they all live happily ever after. Yuck. Best scene of the movie is right at the end, with a couple of shots of the Grand Canyon. Why couldn't they just keep the camera on that for 90 minutes? One would expect more from this cast (although Thornton really tries), but you can't really blame them. Writers, shame on you! 1/10.",expensive_accept
14,tt0164052,Hollow Man,2000,Paul Verhoeven,112.0,"Action,Horror,Sci-Fi",tt0164052,"This picture started out with good intentions, Bacon the scientist out to test the theory of invisibility, and Shue is cute as usual in her role. It all falls apart after that, it's your typical Hollywood thriller now, filmed on a soundstage with special effects galore, minus any kind of humour, wit or soul. In other words, don't waste your time watching this. Get the audiocassette tape with John DeLancie as the Invisible Man instead, also starring Leonard Nimoy. Now that was good, and HG Wells is well served, unlike with this mess.",expensive_accept
18,tt0118998,Doctor Dolittle,1998,Betty Thomas,85.0,"Comedy,Family,Fantasy",tt0118998,"...And that's why hard to rate. From the adult point of view (hmm, student point of view:)). i must say i fell nearly asleep here. Sure, there is some laughing scene (all the credit takes here Eddie), but that can't save the disney type of script and whole movie, that's why 2 out of 10",expensive_accept
19,tt0119196,The Gingerbread Man,1998,Robert Altman,114.0,"Crime,Mystery,Thriller",tt0119196,"I think I've seen all of the Grisham movies now and generally they're all very poor, except for The Rainmaker, but this one is so bad it's unbelievable WARNING SPOILERISH It's one of those movies where the character does the stupid irrational things that no one would ever do. He's a lawyer for Christ's sake. Why when his children go missing does he not call the Police. Oh yes it's because all the Police hate lawyers so they're just ignore him and let him be attacked. When he's arrested for murder they just let him go free, he would be locked up in a cell pending a bail hearing. Why would you drag your kids halfway across the country when you could easily protect them at home. The Police don't bother to try and find an escaped mental patient, they don't bother to interview his daughter. As for the ridiculous ending . In summary, silly, very unrealistic and a complete waste of time. 0/10  One of the worst films ever made.",expensive_accept
20,tt0120247,Surface to Air,1998,Rodney McDonald,93.0,"Action,War",tt0120247,"This film was bad. Bad acting, bad directing, bad writing. But it wasn't bad in a funny way. It was bad in a boring way. I watched ""Surface to Air"" because I thought it might be a laugh. It wasn't. Don't make the mistake I did. There are plenty of more enjoyable ways to spend an hour and a half such as watching paint dry or reading the dictionary. Seriously.",expensive_accept
21,tt0120706,The General,1998,John Boorman,124.0,"Biography,Crime,Drama",tt0120706,"This was a disappointing film. The people seem to have no substance, the lead protagonist Martin Cahil has zero redemptive values, in fact everyone in it including Jon Voight epitomizes sleeze. I would not recommend this film to anyone. The violence is distasteful, though artfully done. The filming is to black, at least the print i saw fit this category. A disappointment.",expensive_accept
23,tt0127901,Starstruck,1998,John Enbom,90.0,Drama,tt0127901,"This was a truly insipid film. The performances are third rate, and the dialogue is so stilted that at times it seemed to have just rolled over and died. My reason for renting this was simple: Find a movie with scriptwriting. I needed a visual aid for my presentation, so I figured why not use a clip? Boy was I wrong. After searching my local video store, I came upon this, where it was suspiciously titled ""Starstruck"". I thought, ""What the hey"", and decided to give it a try. Well, I was very unhappy with my results. There was maybe one scene I could use, and meanwhile, I was practically falling asleep because of the sheer banality of the flick. So.....I took this back and picked up Ed Wood. There's a movie I can use as an example. Then again, anything would be presentable compared to the drivel that is ""Starfucker"".",expensive_accept
25,tt0138987,20 Dates,1998,Myles Berkowitz,87.0,"Biography,Comedy,Romance",tt0138987,"I would rather have 20 root canals than go through this film again. The Prince of Annoying, Myles Berkowitz, has wasted nearly two hours of my life with this piece of cynical pseudo-cool. The only amusing thing in this whole mess is Mr. Samaha's obnoxious off camera patter about tits and ass. Berkowitz takes a great concept and grinds it into the dust. It is choppy and badly done, in an apparent effort to make it seem edgy or funny. It is neither. I seldom feel that a movie was a waste of film (or tape), but this one qualifies for that distinction. If a date suggests seeing this film, run.",expensive_accept
28,tt0163069,Losing Control,1998,Julie Jordan,93.0,"Mystery,Romance,Thriller",tt0163069,"Well, I like to be honest with all the audiences that I bought it because of Kira's sex scenes, but unfortunately I did not see much of them. All sex scenes were short and done in haphazard manner along with all the weird and corny background music just like all other B movies - it just doesn't look much like two people having sex. There is a tiny bit of plot toward the end - Kira's new lover is a killer. Whoa!!! how shocking!!! Why don't we nominate this movie for Oscar Award? I can't imagine how bad the movie would look like if it were R-rated (Mine is imported from UK, rated 18). Conclusion? Put it down and walk away, so yon won't end up with being a moron like me. Score: 2/10",expensive_accept
30,tt0167038,Belle's Magical World,1998,"Bob Kline, Cullen Blaine, Dale Case, Daniel de la Vega, Barbara Dourmashkin-Case, Rick Leon, Burt Medall, Mitch Rochon",92.0,"Adventure,Animation,Family",tt0167038,"Disney has now made straight-to-video sequels to a good bunch of their many animated features. Two of these were made for their 1991 classic, ""Beauty and the Beast"". Well, these ones aren't really sequels, as they are both set in between the events of the first film. The first of these two straight-to-video films was ""Beauty and the Beast: The Enchanted Christmas"", which seems to be disliked by quite a few fans of its theatrical predecessor, but I think that can usually be expected with sequels. However, this second one, ""Belle's Magical World"", is definitely inferior. The film features three short stories, all of which take place while Belle is in the castle, and the place is under the spell of the enchantress. The first is ""The Perfect Word"", where a misunderstanding at the table between Belle and the Beast leads to trouble, and neither wants to be the first to apologize. The next story is ""Fifi's Folly"", where Fifi and Lumiere's fifth anniversary is coming up, and Lumiere is unprepared, so Belle helps him. However, Fifi sees Lumiere practicing romance with Belle, and thinks they're actually in love. The film ends with ""The Broken Wing"". In this story, Belle takes care of a bird with a broken wing, but a bird in the castle will probably mean trouble if the Beast finds out, as he hates birds! The plot description I gave is for the original VHS version of Disney's third ""Beauty and the Beast"" movie. Apparently, in the DVD version, there is another story added called ""Mrs. Potts's Party"", but I've only seen the original version. However, since I highly doubt that one story would stand out as a classic over the rest, I see no point in watching the special edition. Anyway, the first thing I will say about ""Belle's Magical World"" is that the animation is very 2-dimensional compared to what we're used to from Disney, which would obviously disappoint many people. I didn't like ""Beauty and the Beast: The Enchanted Christmas"" that much, but you certainly can't say the same about its animation. I'm sure the stories in ""Belle's Magical World"" could entertain many kids (mostly younger ones, I think), and each story has a moral, so they could also teach them some valuable lessons. However, for adults, the film really doesn't have a lot. I personally didn't find any good humour in it, found that the constant conflict between Belle and the Beast got tiring, and the stories did not impress me too much at all in any way (they're not very well written). In ""The Perfect Word"", the way Belle says to the Beast, ""You're acting rude... and foolish!"" is a bit cheesy, and I think there are quite a few other cheesy moments in these stories. By the time this straight-to-video movie first came out, I was around eleven or twelve years old. I don't know what I would have thought of it at the time, as I had lost interest in Disney by then, and it would be years before I would gain any of that interest back. Even when this movie was first released, I think I was a bit past the age group it was aimed at. I never saw ""Beauty and the Beast: The Enchanted Christmas"" until a couple months ago, but unlike that film, I never even heard of this one until recently, I think just after seeing the first sequel to Disney's 1991 hit. Well, as much as I like the theatrical original, I wouldn't have been missing much if I never became aware of this film's existence. For little kids, I'm sure ""Belle's Magical World"" can be highly entertaining, and probably somewhat educational with its morals, but I do not recommend it for adult Disney fans.",expensive_accept
32,tt0120157,Soldier,1998,Paul W.S. Anderson,99.0,"Action,Drama,Sci-Fi",tt0120157,"When I rented this movie to watch it, I knew that it was not going to be a mindbender movie. Instead I thought of it as a disbelief of reality where someone is going to get a serious beating. And you know what it worked. Kurt Russel did what I though was a remarkable role in showing the emotionless soldier that he was. I recommend this movie if your out with the boys and want to watch a good action film.",expensive_accept
43,tt0118882,Conceiving Ada,1997,Lynn Hershman Leeson,85.0,"Drama,Fantasy,Sci-Fi",tt0118882,"I haven't seen anything this bad since I walked out of the James Bond movie ""Moonraker"" twenty years ago. I managed to sit through the entirety of this one only because of Tilda Swinton, but there was nothing she could do to save this beast. As a cross between ""Pi"", ""Orlando"", and ""Tron"", this movie failed miserably in every aspect of moviemaking. The characters were cardboard and unable to evoke any kind of sympathy. The plot was wholly unbelievable. The acting was, with the exception of Swinton, amateur. The computer graphics were worse than in ""Tron."" Timothy Leary was extremely annoying. I could go on, but what's the point. The only good thing I can say about this film is that Tilda Swinton was in it. I have no idea why an actress of her caliber consented to appear in such a dud, but she most likely regrets it now. Don't waste your money or your time on this stinker. There's nothing worth seeing here.",expensive_accept
46,tt0114268,Rent-a-Kid,1995,Fred Gerber,85.0,"Comedy,Drama,Family",tt0114268,"Russ and Valerie are having discussions about starting a family. The couple live in a posh apartment and run an auction business that deals with valuable collectibles. At the same time, a dedicated adoption agency owner takes a mini vacation and leaves the orphanage in the charge of his father (Leslie Nielsen). Father Harry is in the rental business and he gets the brilliant idea to ""rent"" some of the children of the orphanage to couples like Russ and Valerie. Harry, who becomes aware of the couple'e dilemma, offers a family of siblings for a 10 day rental period! Brandon, Kyle, and Molly move into the apartment with their temporary parents, with amusing consequences, as the new caretakers are inexperienced with kids. But, where is the possibility of a happy ending? This is a darling family film. The actors, including Nielsen as the wheeler-dealer and Christopher Lloyd as the kind apartment doorman, are all wonderful. The script is snappy and fun and the overall production values quite high. Yes, if only life could be this way! Orphaned children everywhere deserve a chance to prove that they are lovable and can give so much joy to the parents who are considering adoption. If you want to show a film to your family that is rooted in good values but is also highly entertaining, find this movie. It is guaranteed to have everyone laughing, even as their hearts are melting.",expensive_accept
48,tt0096453,Witchery,1989,Fabrizio Laurenti,95.0,Horror,tt0096453,"There are many different versions of this one floating around, so make sure you can locate one of the unrated copies, otherwise some gore and one scene of nudity might be missing. Some versions also omit most of the opening sequence and other bits here and there. The cut I saw has the on-screen title WITCHCRAFT: EVIL ENCOUNTERS and was released by Shriek Show, who maintain the original US release title WITCHERY for the DVD release. It's a nice-looking print and seems to have all of the footage, but has some cropping/aspect ratio issues. In Italy, it was released as LA CASA 4 (WITCHCRAFT). The first two LA CASA releases were actually the first two EVIL DEAD films (retitled) and the third LA CASA was another film by the same production company (Filmirage), which is best known here in America as GHOSTHOUSE. To make matters even more confusing, WITCHERY was also released elsewhere as GHOSTHOUSE 2. Except in Germany, where GHOSTHOUSE 2 is actually THE OGRE: DEMONS 3. OK, I better just shut up now. I'm starting to confuse myself! Regardless of the title, this is a very hit-or-miss horror effort. Some of it is good, some of it isn't. I actually was into this film for the first half or so, but toward the end it became a senseless mess. A large, vacant hotel located on an island about 50 miles from Boston is the setting, as various people get picked off one-by-one by a German- speaking witch (Hildegard Knef). Photographer Gary (David Hasselhoff), who wants to capture ""Witch Light,"" and his virginal writer girlfriend (Leslie Cumming), who is studying witchcraft, are shacking up at the hotel without permission. Along comes real estate agent Jerry (Rick Farnsworth), who's showing off the property to potential buyers Rose (Annie Ross) and Freddie (Robert Champagne) Brooks. Also tagging along are their children; pregnant grown daughter Jane (Linda Blair) and very young son Tommy (Michael Manchester), as well as oversexed architect Linda Sullivan (Catherine Hickland - Hasselhoff's wife at the time). Once everyone is inside, their boat driver is killed (hung) and the boat disappears, so they find themselves trapped and basically at the mercy of the ""Lady in Black."" So what can you expect to find here? Plenty of unpleasantries! One of the characters has their lips sewn shut and is then hung upside down in the fireplace and accidentally slow-roasted by the rest of the cast. There's also a crucifixion, witches eating a dead baby, a swordfish through the head, someone set on fire, a possession, a Sesame Street tape recorder, the virgin getting raped by some demon, a guys veins bulging and exploding thanks to voodoo doll pokes and some other stuff. From a technical standpoint, it's a nice-looking film with pretty good cinematography, a decent score and good gore effects. The hotel/island setting is also pretty nice. Blair (particularly at the end) and Ross both seem like they're having fun and Knef is great as the evil witch. Even though people like to ridicule Hasselhoff these days, he's not bad in his role, either. On the down side, despite all the gore, the film seems somewhat dull and it gets monotonous after about an hour. The supernatural themes are muddled and confusing, too. When characters are being swept into the witches lair to be tortured and killed, the filmmakers unwisely decided to superimpose the screaming actors over some silly looking red spiral vortex effect that looks supremely cheesy. And the witch lair itself is vacant and cheaply designed with unfinished lumber. And while most of the cast is at least decent, a few of the performances (particularly the ""actress"" who plays Hasselhoff's girlfriend and the kid) are so bad they're constantly distracting.",expensive_accept
50,tt0085178,Ardh Satya,1983,Govind Nihalani,130.0,"Crime,Drama",tt0085178,"After 'Aakrosh' , this was the second film for Govind Nihalani as a director.Till this movie was made there was no audience for documentaries in India.This movie proved a point that a documentary can fulfil the requirements of a commercial film without diluting its essence. It was one of the successful movies in the year in which it was released. This movie contested against the big banners of the bollywood like'COOLIE', 'BETAAB','HERO' in 1983. SmithaPatel, in this movie acted more like a conscience of the hero whenever he drifted away or lost his composure she was there to remind him. She was not like an usual heroine to do the usual stuff of running around the trees and shrubs.At one time,she even gave up her love when the hero's ruthlessness touched the roof top. There was another character in this movie, which was played by Om Puri contemporary, Naseeruddin Shah.He played as an inspector-turned-alcoholic character.The role conveyed the message of the end result of a honest cop who rubbed the wrong side of the system which also gave the viewers a chance to forecast the hero's ending. In his debut film,Sadashiv Amrapurkar captivated the audience with his cameo role which ultimately won him the best supporting actor by the filmfare.The cop in the movie was not a complete straight forward personality he was able to adjust to the system to an extent. The anger which left half handedly continued in Govind Nihalani's other film ""Drohkaal"". Even after two decades, this movie is remembered just because of the director and the entire crew. Each one played their part par excellence.",expensive_accept
