movie_id,title,director,year,runtime,genres,review
tt0188453,Birthday Girl,Jez Butterworth,2001,93,"Comedy,Crime,Thriller","This is a great little film, that's very unique, and creative, with some great plot twists and wonderful performances!. All the characters are great, and the story while bizarre, is fascinating and very interesting, plus Nicole Kidman is simply amazing in this!. It's very hard to describe this movie, because it really is quite bizarre, it's a comedy/romance, one minute then it turns into a thriller the next, however it was still very entertaining all the same, plus Nicole's Russian accent was fantastic, and extremely convincing. Chaplin and Kidman had very good chemistry together, and i loved Vincent Cassel's performance!, plus some of the plot twists really took me by surprise!. The ending was very cute, and it's unpredictable throughout!, plus this movie is quite underrated as well!. You will feel sorry for Chaplin and the way that he is scammed, and i thought all the characters were really likable, plus the finale is especially good.This is Nicole's movie though, and she carries it with her incredibly sexy performance!. This is a great little film, that's very unique, and creative, with some great plot twists and wonderful performances!, i highly recommend this one!. The Direction is very good!. Jez Butterworth does a very good job here, with great camera work, solid angles and keeping the film at a fast pace!. The Acting is wonderful!. Nicole Kidman, is stunningly gorgeous!, and is amazing as always, she is incredibly sexy, very likable, had one of the coolest accents, added a lot of presence, had very good chemistry with Ben Chaplin, and had a very mysterious character!, she was amazing. (Kidman Rules!!!!). Ben Chaplin is great here, he is extremely likable, had a cool character, had very good chemistry with Kidman, the only thing i didn't like was him taking out his anger out on Kidman, even though what she did was wrong, and i loved how he got revenge in the end!. Vincent Cassel is fantastic as the main villain, yes he was OTT, but he was very intense and quite creepy at times, this role was perfect for him. Mathieu Kassovitz is OK here, but didn't have much to do. Rest of the cast are fine. Overall i highly recommend this one!. ***1/2 out of 5"
tt0230011,Atlantis: The Lost Empire,"Gary Trousdale, Kirk Wise",2001,95,"Action,Adventure,Animation","Disney, the film name that once stood for all things innocent and suitable for all ages, has finally started to realise that to survive it needs to become more diverse. Such diversity has been very apparent in the last couple of years. Films like ""Tarzan"" and ""The Emperor's New Groove"" have made an attempt to move away from the traditional song-driven routine of Disney's past and into new, uncharted territory. ""Atlantis"" is the boldest step yet, but we have to remember: This is STILL Disney. The first ever serious film to come out of Disney's animation studio is a major achievement for them - in fact it's so serious it makes it into PG territory. Perhaps why a lot of families were scared off from seeing it this past summer.<br /><br />But despite the more mature subject matter, this is still a film that Disney wanted to draw in the families with, not just mature audiences, so the plot had to be kept simple enough for children to understand, but interesting enough to take it away from the realms of ""The Little Mermaid"" et al.<br /><br />So what we get is actually a potentially detailed plot, unfortunately suffering the blow of being condensed into a 96-minute movie. Ultimately, this is an action film about Atlantis, not about the exposition preceding it, so we are whisked through the first half hour with as many sequences bombarding the screen as is possible without losing coherency. Suspend your disbelief of how the characters get from point A to point B so quickly, you're unlikely to find an animated film that detailed coming out of Hollywood! If you want epic levels of detail in the plot, turn to James Cameron's ""Titanic"". Both films feature a boat in some manner.<br /><br />And let's talk about love, shall we? Yes, as with a lot of films, the lead male (one Milo Thatch, a bumbling archaeologist) and lead female (Kida, the clichéd Atlantian princess) are set to fall in love with each other. But what I found was not as clichéd as I was expecting. By film's end, for once, the characters touching/feeling/kissing sequence was far more subdued. There's various points in the film where the attraction grows, but it's just not in the ballpark of, say, ""The Little Mermaid"" (A good thing).<br /><br />You may have grasped that this is a rather clichéd film. Correct. You have your leading hero and heroine, backed up by more than half a dozen crew members who go on the expedition, all being given their moments during the film. Numerous other characters appear, take up the few minutes of screentime, then disappear. It doesn't take a genius to do the maths  a 96-minute film with a focus on action and visuals, and with a considerable cast, has very little time to expand the characters to any major extent. So what does it rely on? Clichés, and lots of them. Every character emulates something that has been done a thousand times before. You have the bumbling scientist, the attractive princess, the square-jawed colonel, the rich eccentric, the maniacal sleazebag, the Russian femme fatale  need I go on?<br /><br />I don't know why this got to anyone  I found the tongue-in-cheek nature of this film quite amusing. Alright, this is meant to be a serious flick, but do you really expect Disney to give up every single trait of their history? At least the writers have tried to come up with consistently witty dialogue, and sometimes it even is a little inspired.<br /><br />But in the end it's those big stunning visuals that put the icing on this cake. The CGI animation is truly amazing in places, and doesn't dwarf the characters, which was a flaw that let the recent ""Titan A.E."" down. Speaking of characters, Disney hired an outside comics industry artist to create the designs, bringing an anime style to the film. Infact the visual presentation of the film as a whole owes a lot to anime, much more so than any previous Disney outing. This resulted in a conflict with fans of the Japanese anime, ""Nadia"", for the film's overall similarities with said cartoon series. Having not seen this anime, I can't comment.<br /><br />With picture, there is sound. Gary Rydstrom heads up the sound team, and what a soundtrack! From the opening shot the sound stage is alive and is a treat. James Newton Howard treats us to a dynamic musical score, which compliments the film in every way, never sounding out of place and always helping to build the tension or subdue it.<br /><br />Perhaps I missed the point of what the creators intended. To me, the film conveys that it's an adventure thrill ride, albeit with a more serious tone than any Disney film before it. If you don't like the clichéd tongue-in-cheek attitude, then perhaps the effort that has been poured into the visuals will delight. Heck, at least the mythology is far more correct than can be said about other Disney efforts (*cough*Hercules*cough*).<br /><br />This is a positive, 10 out of 10 review, from someone who was blown away by this film. I always suspend my disbelief with any animated film  after all, the laws of the real world are more than frequently broken in the cartoon medium. So sit back, enjoy the ride, and perhaps everyone can find something to enjoy about this film."
tt0242798,Proximity,Scott Ziehl,2001,100,"Action,Crime,Mystery","That is the only thing I can positive to say about this movie. Cleveland is the star, I've been there and never saw the city look this good. Beautiful river and cityscapes.<br /><br />This movie moves ahead at such a pace they hope you won't notice the lack of real world relevance. People running around and shooting guns without any consequence. For example, there is a shoot out at Rob Lowe's character's house- two cars are stolen, and yet the cops don't show up there till much later in the movie. Murder for hire never looked so implausible.<br /><br />Whoever wrote this movie should be on the receiving end of one the movies countless stray bullets. Many of the actors in this movie are so much better than this. I check the date of the movie just to make sure it wasn't written during the writers strike but alas this was not the case. This movie is currently in rotation on Universal's HD channel- unless you want to drool of over Lowe there is no reason to watch it."
tt0242998,Valentine,Jamie Blanks,2001,96,"Horror,Mystery,Thriller","There are so many puns to play on the title of the spectacularly bad Valentine that I don't know where to begin. I will say this though; here is a movie that makes me long for the complexity of the Valentine cards we used to give out in elementary school. You know, the ones with Batman exclaiming ""You're a super crime-fighting valentine!""<br /><br />Valentine is a slasher movie without the slightest hint of irony, one of the few horror movies in recent years that ignores the influence of Scream. The villain is omniscient and nigh-invulnerable. The heroes are easily scared when people run around corners and grab them by the shoulders screaming ""HeyIjustleftmycoatbehind!"" The score is more overbearing than Norman Bates' mother.<br /><br />The flimsy plot follows several childhood friends, now grown up and extremely curvaceous. Since the film gives them nothing else to do, they stand around and wait until a masked stalker kills them one by one. This stalker appears to be former nerd Jeremy Melton, who was constantly rejected by women and beaten by men in high school. With Valentine's Day approaching, the women begin receiving scary cards foretelling their doom. Melton seems like the obvious suspect. Only problem is, as numerous characters warns, in thirteen years Melton could have changed his appearance to look buff and handsome. So (insert terrified gasp here) everyone is a suspect!<br /><br />Here's problem one. In order to have any sense of suspense while watching Valentine, you have to accept a reality in which a high school nerd is capable of becoming David Boreanaz. Nerds don't turn into Angel when they grown up, they turn into older, balder nerds. He's not a terrible actor, but the script, by no less than four writers, gives him and the rest of the cast nothing to do but scream and make out. Denise Richards (the bustiest actress in Hollywood never to star in Baywatch) is especially exploited; most shamefully in the blatant excuse to get her in a bathing suit just before a crucial suspense scene. Note to self: always bring a bathing suit to a Valentine's Day party. Just because it's February doesn't mean you might not feel like taking a little dip.<br /><br />The slasher in Valentine dresses in head-to-toe black with a Cherub's mask. Here's problem number two. The filmmakers clearly thought this would be a disturbing image to have on the head of someone who's whacking people in the face with hot irons. Plain and simple, it's not. Instead, it just made me wonder how a guy with a mask that covers his entire face, including his eyes and ears, can move so stealthily without bumping his shins on chairs or tables. Then again, given the things the Cupid Killer does, maybe he can teleport and his eyes are on his hands. <br /><br />Not only is the movie bad, it isn't even sure who the killer is; the final ""twist"" is more ""Huh?"" than ""Hah!"" When you're not scratching your head you're yawning, then groaning, then searching for the nearest exit. Do not watch this movie. Even if you're alone on Valentine's Day, find something, ANYTHING, else to do. You'll be glad you did."
tt0245407,Crush,John McKay,2001,108,"Comedy,Drama,Romance","Was this meant to be a comedy or a serious drama? This film starts with a light-hearted banter between three women. Fine. It moves into a conflict between the women when one of them meets a man. Fine. There are a few antics between them. Fine. But when the plot thickens and finally becomes black I started to wonder whether I had misinterpreted the first part of the movie. It continues in this vein for a while until, in the end, it tries to go back to the original light-hearted banter. But by now it's too late. It's hard to see why these women would still be talking to one another and the finale is unconvincing. Truly a lesson (for British filmmakers anyway) of how not to make films. Difficult to see how the producers ever convinced themselves this film would work. And the box office proved it to be a real flop, because I'd never heard of this film until this weekend (four years after its release)."
tt0248928,The River,Jarmo Lampela,2001,104,"Drama,Romance","The Finnish version of Robert Altman's ""Short Cuts"", set in the small rural town of Äänekoski. The episodes present a kaleidoscope of the eternal events, problems and emotions of human life: joy and love, deception and disillusionment, hopelessness and death. I was particularly impressed by two episodes. The first is the story of the young waitress, who tries to stir up a romance for his co-workers: she radiates an overwhelming joy of love and life. The other episode presents and old man dying in a hospital and his wife trying to help him die with dignity. Particularly striking is the way the old couple have to fight their way against the humiliating practices of the hospital and their loneliness contrasted with the ""routines"" of the hospital crew (despite the signs of occasional empathy). Compared with Altman's classic, this movie is perhaps less professional, but it is definitely a great piece of art."
tt0253335,No Turning Back,"Julia Montejo, Jesus Nebot",2001,98,"Crime,Drama,Thriller","Heavy-handed moralism. Writers using characters as mouthpieces to speak for themselves. Predictable, plodding plot points (say that five times fast). A child's imitation of Britney Spears. This film has all the earmarks of a Lifetime Special reject.<br /><br />I honestly believe that Jesus Nebot and Julia Montejo set out to create a thought-provoking, emotional film on a tough subject, exploring the idea that things are not always black and white, that one who is a criminal by definition is not necessarily a bad human being, and that there can be extenuating circumstances, especially when one puts the well-being of a child first. However, their earnestness ends up being channeled into preachy dialogue and trite situations planted to move the plot along. The decent production values and interesting use of documentary-style camera footage are not enough to accomplish their aim when the script and the acting fall flat.<br /><br />Logic is often compromised for the sake of creating tension: Soid first tries to blackmail Pablo into participating in her documentary in exchange for helping them escape, then in the same breath basically tells him not to trust her because she's not helping them out of altruism. Well, duh. And for a man on the run, Pablo is far too swayed by a temper tantrum. Cristina's well-being is so important to him that he's fleeing capture and jail or deportation for her, but he's willing to risk all that to appease her when she doesn't want to go to Mexico. Right. Talk above over-permissive parenting. Third, when Pablo's employer Charlie gives the phone to Detective Bright, she is remarkably unprofessional, especially given her seniority - did she really think she was persuasive? Oh, yeah, I would have turned myself in. CCH Pounder's Detective Wims could wipe the floor with her.<br /><br />To be fair, I'd like to list the things I liked. Um, I liked the midget. And I liked the fact that the midget was named Sexy. There's cross-dressing, always a plus; juvenile cross-dressing, no less! Harry is infinitely cuter than Cristina. But my favorite moment in the film has to be when Cristina kicks Detective Not-So-Bright. I also find it interesting that, in a heavily minority cast (which I much appreciate, by the way), the black character is the racist one. Too bad it's just thrown out there and not further explored.<br /><br />There's a distinctive, unconventional score, but it's nonetheless generally context-unspecific, not enhancing mood or tension in any scene, except the pathetic, anguished wailing every time the main character is in anguish, as though they think his acting doesn't show it enough: 'Just in case you weren't sure, he's upset, and we have the musical cues to prove it.'<br /><br />Stilted, clichéd dialogue results in a depressing lack of subtext; everything has to be spelled out in dialogue, even when the body language had been up 'til then conveying it just fine. For example, every impassioned speech Pablo makes, and Mrs. Knight's lament that her child won't be crawling into bed with them in the morning.<br /><br />'Papi, tell me about Mama again' - what shameless, blatant exposition introducing the generic dead wife! (She's always the most beautiful woman the widower had ever seen, the kindest he had ever met. Why can't we see a man cry over a woman like Shakespeare's - she may be fat, ugly, obnoxious, but his love for her is deep as oceans? Now _there's_ a story which would move me.)<br /><br />The police always being literally one step behind them gives many scenes the out-of-place feeling of a French farce. Most boring foot chases ever - Bright and Lightning are so out-of-shape and easily-fooled (he certainly isn't quick as lightning, and she, well, I don't feel the need to spell things out). Some guy dragging along a small child outrunning a bicycle cop, complete with macho biker picking a fight but then being felled by a child? To quote Margaret Cho, that's so sad. Would we ever see this on 'Cops '?<br /><br />Hackneyed and over-the-top deus ex machina: as an employer, would you really waive checking his green card just because he can quote the author of the inspirational saying on a poster behind your desk?<br /><br />Plus several scenes, including the above, threaten to devolve into porn: 'Well, I'll do this favor for you, as long as you do something for me...' I can almost hear the bowm-chicka-bowm-bowm.<br /><br />When the parents view the footage shot of Pablo's remorse, the grieving mom's freak-out is the most real the movie feels. Unfortunately, this is diminished by the fact that she looks completely swayed by his emotional speech right up until she goes ballistic. A more ambivalent look would be more convincing here.<br /><br />I'm in constant awe of the stupidity of the main character doing things for the sake of plot: holding up a convenience store without a mask, visiting the dead girl's grave. And why doesn't the mother recognize his face from when she saw him before he drove off?! 'You seem awfully familiar...'<br /><br />What is the purpose of that wholly unnecessary, somewhat gratuitous scene with Soid and the artificially-enhanced bartender? Character development? Tch. Too little, too late.<br /><br />Speaking of unnecessary traits that never went anywhere, Detective Lightning's saying skeptical Detective Bright must be a Scorpio shows how little he really knows about the occult. And I don't think that believing in fate quite qualifies as voodoo mumbo jumbo.<br /><br />At the end, when Bright holds Pablo as he dies - wait, why does she care now? Her character is as inconsistent as Soid's. What, she has to shoot him just because she said 'Stop, or I'll shoot'? (She's cared _so_much_ about her integrity thus far.) He was unarmed. There was no need for lethal force. What's wrong with shooting him in the leg to immobilize him?<br /><br />Finally, Cristina's childlike acceptance of her mother's death giving Dr. Knight peace over his daughter's death - so forced. And the contrivance of the family whose child was killed becoming Cristina's new family... It angers me that she could be a 'replacement' for their little girl. It's also unrealistic that a white couple would take in the Latino daughter of the man who killed their own daughter. I'm not saying there aren't generous, loving people who would do that. I'm just saying that the characters here are never developed far enough for me to believe that _they_ would do that.<br /><br />I find it offensive that another IMDb reviewer said that of course as a woman she was moved by the sappy scenes. I am a woman who reserves my emotional movements for moments that don't wax sentimental in a manufactured manner.<br /><br />Co-writer, co-director, co-star Nebot said himself he wore too many hats during this production. Too many cooks may spoil the broth, but one cook alone just might end up making an after-school special.<br /><br />In conclusion, this film's title has less to do with the story and more to do with the feeling of regret, helplessness, and loss accompanying the revelation that you will never see your money again."
tt0253840,The Triumph of Love,Clare Peploe,2001,112,"Comedy,Romance","Let me be clear. I've used IMDb for years. But only today I went through the trouble of registering on the site, just so I could give this movie the lowest possible rating. I've seen hundreds of films, some of them bad, a few awful. Never, though, have i seen such a contrast of pretense and incompetence, of high intentions and failure.<br /><br />Mira Sorvino is horribly cast as the princess, but entirely unbelievable as Phocion, a young boy. Fiona Shaw is always an entertaining character, but the dialogue in the film is much worse, even, than in the insipid French play that is the source (Marivaux never reached Hollywood until now, and we should keep it that way).<br /><br />To illustrate, for example, that Leontine is a brilliant, passionate philosopher and scientist, she is shown frantically pouring chemicals from beaker to beaker, shouting out names of famous scientists. And the romance between Agis and the princess is played even sillier. For this, the pair should receive a joint 'Clair Danes' award, which in a just world would be awarded for gratuitously anachronistic and uninspired re-interpretation of interesting teens from literature as brats of the 1990's (see Miss Danes in Les Miserables).<br /><br />Aside from the atrocious plot and dialogue, there are some attempts to introduce artistic tropes into the filming. For example, there are moments when a handful of spectators are faded in and out of view of the action, sitting in chairs, watching the principal characters. The Director wants us to realize she's adapted a play. I get it. But it doesn't happen at all until far into the film. At that point, seeing a crowd of people sitting in chairs for a moment, then disappearing, is creepy and distracting. They're like some sort of un-scary zombie crowd, appearing through the mists, filling us with dread. When you see the horrible frolic and song that ends this movie, you'll want to rouse your own crowd of zombies and kill them all for the grave injustise of poisoning your mind for 112 minutes.<br /><br />-Matthew McGuire"
tt0255798,The Animal,Luke Greenfield,2001,84,"Comedy,Sci-Fi","NOTHING in this movie is funny. I thought the premise, giving a human the libido of a randy ram, was interesting and should provide for some laughs. WRONG! There is simply nothing funny about the movie. For example, the main character making a pass at a goat in heat in the middle of a farmer's yard is not funny, it borders on obscenity. They are toying around with bestiality in this film on one level, and it just aint funny.<br /><br />We all know that dogs will eat anything, anywhere, anytime. The main character doing this with everything, everywhere, everytime is also not funny. It becomes a cliche.<br /><br />Rob Schneider is, I guess, acceptable in the role. By this, I mean that he's not a bad actor, but with rotten material it's difficult to comment on quality. However, Coleen Haskell, the other half of the HUMAN-romantic leads (does one count the number of animals that the main character has interest in as romantic leads too?), seems embarrassed by the whole thing, as well she should be. She seems to be acting in some kind of vacuum, detached from all the other actors in the movie. <br /><br />See this film only if you wish to be bored by tasteless, dull, repetitive material."
tt0256692,Chori Chori Chupke Chupke,"Abbas Alibhai Burmawalla, Mastan Alibhai Burmawalla",2001,165,"Comedy,Drama,Musical","Hail Bollywood and men Directors !<br /><br />Really this is the ultimate limit in utter sacrifice made by Indian Woman !!<br /><br />Viewing the current state of affairs in India where The wives are becoming more vicious day by day and are very possessive about their husbands - the Directors ..also can be called Uncle Scars (refer movie The Lion King) came up with a very new concept on how both the kept and the wife can live together happily ever after sharing everything between themselves ...including the spermikins !!<br /><br />Story line : Married couple - very happy - but accidentally a mishap happens and wife has a miscarriage - lost the foetus along with the capacity of ever becoming a mother !<br /><br />Now in in India, the in- laws usually drive away the daughter- in- law if she fails to give them an heir ! So the wife hits upon a major plan - surrogate mother...but the scientists intervened - ""Sure artificial insemination"" - NO said the artist (Director actually) - ""Neighbourhood will come to know that the daughter - in - law is barren so they are going for surrogate mother !!<br /><br />Neighbours ! society !! gosh the same ones who watch Fashion TV day and night - watching girls between the age group of 14 to 40 ...al in bras and panties - well those neighbors suddenly take an upper hand in family planning and decision making !!<br /><br />SO the wife sends away her husband to a beer bar where girls are dancing on the stage - all mostly uneducated and illiterate - but men love such women as they can satisfy their egos a lot !<br /><br />He hires the lead dancer in the pub - asks her to bear his baby - in exchange for money - she agrees - she comes home - becomes pregnant - wife and kept - both co-exist in the same house - in the mean time the prostitute also gets a taste of household life - so much caring people around - she misses them all and cries silently !! In the mean time - no one in the family comes to know that the real daughter in law is roaming around with a pillow beneath her petticoat !!- the mother or other elderly people never took her for check-ups - nor did they try to feel the baby's movements in the womb !!"
tt0259054,Ordinary Sinner,John Henry Davis,2001,91,"Drama,Romance","This foolish, implausible tale is redeemed only by the opening scene in which a hard-boiled police detective delivers some nearly-audible lines confirming our greatest fears: He is dead. Perhaps the film would have been saved had the director forgone the dazzling star power of A. Martinez in favor of this sadly-anonymous actor who filled the screen for a brief moment. That a no-name hack-tor off the street could salvage such a dishwater film is no less likely than a villain committing murder by dropping stones into a quarry for an unsuspecting diver. His moment is brief; his promise is immense. Perhaps we will be treated to more screen time by this obscure thespian if there is ever a sequel to this ill-advised film."
tt0259711,Vanilla Sky,Cameron Crowe,2001,136,"Fantasy,Mystery,Romance","Warning: Does contain spoilers.<br /><br />Open Your Eyes<br /><br />If you have not seen this film and plan on doing so, just stop reading here and take my word for it. You have to see this film. I have seen it four times so far and I still haven't made up my mind as to what exactly happened in the film. That is all I am going to say because if you have not seen this film, then stop reading right now.<br /><br />If you are still reading then I am going to pose some questions to you and maybe if anyone has any answers you can email me and let me know what you think.<br /><br />I remember my Grade 11 English teacher quite well. His name was Mr. Krisak. To me, he was wise beyond his years and he always had this circuitous way of teaching you things that perhaps you weren't all too keen on. If we didn't like Shakespeare, then he turned the story into a modern day romance with modern day language so we could understand it. Our class room was never a room, it was a cottage and we were on the lake reading a book at our own leisure time. This was his own indelible way of branding something into our sponge-like minds. <br /><br />I begin this review of Vanilla Sky with a description of this brilliant man because he once gave us an assignment that has been firmly etched in my mind, like the phone number of a long lost best friend, and it finally made some sense to me after watching The Matrix. Now if I didn't know better, I would have thought that the Wachowski brothers were really just an alias for my teacher Mr. Krisak. But giving them the benefit of the doubt, we'll assume it wasn't him. But that was the first time this assignment was anything more than impalpable. <br /><br />He had asked us to prove to him and to ourselves that were real. Show me how you can tell that you are real. This got the class spouting off all of the usual ideas that I'm sure you can imagine. Everything from pain, to sense of touch to sense of loss to sense of hunger were spouted off to our teacher to prove to him that we were real. After every scenario that we gave him, he would come back with the one answer that would leave us speechless.<br /><br />""What if you are nothing but someone else's dream?""<br /><br />What if you were someone else's dream? What a messed up question that is. This was a question/scenario posed to us about 15 years ago, before the astronomical use of the Internet and rapid advancement of computers. How possible could it seem back then? But if you look at today's technology, now ask yourself, what it you were a part of someone else's dream.<br /><br />Another brilliant but surreal film this year, David Lynch's Mulholland Drive explored similar areas. But Vanilla Sky goes deeper than any other film could hope to. In short this is one film that will literally (if you let it) blow your mind from all of the possibilities that surround you.<br /><br />Open your Eyes.<br /><br />Tom Cruise plays David Aames, a young, hot shot, righteous, full of himself publisher and owner of several magazines. He inherited this from his father and although he has talent and business savvy, his board of governers, the Seven Dwarfs, think he is a rich dink born with a silver spoon in his mouth. They feel he has done nothing to deserve the pinnacle of success that each and every one of them believes should go to them. <br /><br />Early in the film we meet one of David's gorgeous toys named Julie Gianni, played with pernicious but bombastic perfection by Cameron Diaz. David and Julie play a good game, both claiming they are just there to use each other and are not the slightest bit interested in a monogamous, committed relationship. This is the type of relationship commensurate with David's other flings he's had in the sexual prime of his life. And although both talk a good game, we can tell that only one is really telling the truth. <br /><br />Next we meet Brian Shelby, played with a stroke of genius by Kevin Smith's good buddy Jason Lee. Brian is writing a book that David is going to publish but they are also very good friends. This is something that David has very little of in his life and you can sense a real caring for one another early on in the film. Brian has one famous line that he keeps telling David over and over again. And that is "" the sweet ain't so sweet without the bitter."" He goes on to tell him that one day he will find true love and not just this part time lover status that he seems to perpetrate with all of the floozies who inhabit his bed for a night or two.<br /><br />At David's huge birthday bash, (so huge that the likes of Steven Spielberg wish him a happy birthday) Brian enters with his date, Sofia Sorrano, played of course by Penelope Cruz with what has to be the best performance of this year by an actress. This is a bash by invite only and at first David and Sofia seem intrigued with one another. And in typical David fashion, despite his best friend being there, he begins to flirt with Sofia. To complicate things, Julie shows up uninvited and begins spying on David. David then spends the night with Sofia, but they only talk and draw caricatures of one another. There is no hanky panky. The next day, as David is leaving Sofia's apartment, he is greeted by Julie, who offers him a ride and from there.......well, I think we have all seen the commercials.<br /><br />That is all I will really say about the plot, because from here the film teases us with what is reality and what is blurred perception. We are introduced to a character played by Kurt Russel and a few other shady characters that all play a part in this labyrinth like haze. There is a subtext of death and possible panacea-like cure-alls that may or not be able to create the possibility of eternal life. This is just one of the intriguing possibilities the movie offers us, but it doesn't end there.<br /><br />Like many movies seem to thrive on today, this film has a secret. Sixth Sense may have began this craze, but look even further back and you can maybe thank Angel Heart for starting the craze. Regardless of how it originated, Vanilla Sky has one of it's own surreptitious gut busters. And what makes this one so much fun is that the film gives you many obvious clues along the way but not enough to give you an apodictic solution to the gauntlet of truth and lies you have just put yourself through. I have seen this film four times and every time it has been because I want to see if there is something more I can pick up, something more I can understand. To be able to work your mind in the theater, to enable it to open up to new possibilities is something rare in a film. All of the ersatz so called ""Best Pictures of the year"" have been good but nothing spectacular. They lack substance. A Beautiful Mind was intriguing but flat, The Royal Tenenbaums was interesting but uneven. Vanilla Sky is a rarity because it is a film that leaves you yearning for more yet guarantees your satisfaction because the film and those that made it care about it. I know this film has received mixed reviews but I just think that those who don't like it don't quite understand it. <br /><br />This is what film making is supposed to be like. This is what a film is supposed to do to you. It is supposed to make you feel something. Most of the other films this year have been just empty spaces. This one isn't.<br /><br />10 out of 10 The best film of the year. I would love to see this get nominated for best picture and I would love to see Cruz up for best Actress, Diaz for best supporting, Cruise for best actor and Jason Mewes should be a shoe in for best supporting actor. Cameron Crowe should there as well. None of this may come to pass, and that is a shame. This is one film that should not be missed. <br /><br />And on a final note, I am quite sure Mr. Krisak would like this film and maybe this is the one film that may answer his question. Can you prove you are real? Or are we just a figment of someone's imagination? Are we artificially transplanted for someone else's bemusement? This is a film that spawns more questions than it does answers. And I'm sure that is just fine with him.<br /><br />Open Your Eyes"
tt0262418,Farligt förflutet,Oscar Petersson,2001,80,"Action,Crime,Drama","Stefan is an x-con that five years ago got married to Marie. Their marriage has been stable until Stefan past catch up with them and he's offered to do a courier job. Stefan's job is a heroin delivery from Germany to Sweden which should go easily.<br /><br />In Germany Stefan meet Elli, a girl from Bosnia that has been sold to a stripclub owner. Stefan dislikes what he sees and decide to help Elli out of her misery. Due to the fact that Elli's father during the war fleed to Sweden Elli now goes with Stefan to Sweden. To make up with the past Stefan promises Elli to help her find her father, no matter what it takes. Finally back in Sweden the whole situation seems to be more complicated than Stefan ever thought of..<br /><br />This movie doesn't seem to fit in the ordinary class of swedish movies due to the fact that it's been americanized alot. Regina Lund and Cecilia Bergqvist makes it all average, the effects makes the movie a little too much though. See it and jugde for yourself.<br /><br />"
tt0264616,Frailty,Bill Paxton,2001,100,"Crime,Drama,Thriller",It's really annoying when good movies like this one go unnoticed. But I'm glad I did not miss it.<br /><br />They should re-release it with a lot more publicity. I do not think they did anything to promote it. Great work Paxton.<br /><br />
tt0270419,The Human Body,Peter Georgi,2001,40,"Documentary,Short","<br /><br />Human Body --- WoW.<br /><br />There are about 27,000 Sunrises in human life....<br /><br />Hardly one thousand Sunrises will be watched by 90% of Humans on this planet....<br /><br />Our days are limited...<br /><br />Excellent movie for all women.... makers of human body...<br /><br />Thanks and Regards.<br /><br />"
tt0272069,Demonicus,Jay Woelfel,2001,72,Horror,"Seriously. I just wrapped up my first viewing of Demonicus and words have failed me.<br /><br />I remember a time when I would see Charles Band's name on a film and my heart would race. He was never a Wes Craven or a John Carpenter. He was a bastion of hope for the little man. The guy whose movies arrived at the video store instead of the multiplex, but they still rocked harder than most of the trendy junk we otherwise had to endure.<br /><br />And now... this.<br /><br />A painfully-obvious Californian walking trail doubles for ""the Alps"" and an abandoned train tunnel is actually supposed to be ""an ancient cave"". I mean, they didn't even try to dress the thing up with moss or film it in a way that might suggest it was anything other than an old train tunnel! Ugh! Instead of a creepy demon gladiator, as the cover implies, we're treated to a dude wearing the latest in Wal-Mart Halloween apparel. There's a pretty cool looking corpse, who occasionally comes to life to belch and wiggle his fingers, but he doesn't even learn to stand until the final five minutes. Why couldn't he be the villain? Instead, we've got frat boy Joe with a plastic sword. Ouch.<br /><br />Charles Band... you should be ashamed that your name is attached to such tripe. I love movies that are so bad, they're good. Hell, I occasionally enjoy a flick thats so bad, its just bad. This one, however, is just unwatchable. A perfect example of making a buck, rather than making a quality film."
tt0286098,Zu Warriors,Hark Tsui,2001,104,"Action,Fantasy","for those of you who love lord of the rings and love special effects, watch this movie! this will be sure to keep you glued to the screen. you will probably even like it if you like watching people fight with magical stuff."
tt0290661,Dog Days,Ulrich Seidl,2001,121,Drama,"This film is great. As often heard, it is indeed very realistic and sometimes brutal, but unlike some other people I am clearly not of the opinion that it is depressing, negativistic or dismantling Austria as a proto-fascist society. Quite the contrary: While there are indeed some very heavy scenes in HUNDSTAGE and some characters are to be called very bad persons, at the same time you watch love, beauty and humor in Ulrich Seidls film. And that's exactly what distinguishes HUNDSTAGE for me from other films that try to show the lives of the 'ordinary people' in an intense, realistic way; their hustle, their wishes, their dark sides: Seidl clearly never tries to prove, that the lives of the working-class people are trash! In my opinion, viewers who come to this conclusion seem to be very afraid of admitting, that nearly nobody's live is as 'clean' and 'normal' as we would like other people to believe. And that every live has its dark and often depressing sides. The most beautiful scene: The old Viennese man, watching his old girl dancing 'the oriental way', as he is calling it. I think everybody who finds this scene ugly lacks a sense of beauty and should ask themselves what it is, that's proto-fascist: The characters in HUNDSTAGE or viewers, who are turned off by the body of a 70+ year old woman, dancing with all her charms for her lover."
tt0300533,Survivor Series,Kevin Dunn,2001,156,"Action,Sport","WWF Survivor Series 2001<br /><br />This was among the worst events of 2001. Perhaps its biggest flaw was the fact that it didn't follow suit to most of the previous Survivor Series'. There was only ONE survivor series match. And that Survivor Series match went on for 45 minutes. What's more, anyone with a working brain would know that it would end with The Rock versus Austin and The Rock prevailing for his team. And don't get me started on the preview before the event. No matter who won it was obvious that no one was going to f***ing die. There was no need for all of that pointless hype. Whatever the storyline, it was just a wrestling event.<br /><br />And as for the rest of the matches: the first match was Christian defending his European title against Al Snow. It was a good fast paced match and its good to see a heel winning a match fairly. William Regal versus Tajiri was boring and we've seen it 2 or 3 times before. Edge versus Test was good but nothing great. The tag titles steel cage match was the best match of the evening. The battle Royal went on for 10 minutes and no one really cared who'd win in the first place. The Women's title match wasn't great. No, not in the slightest. The main event must have been the most hypocritical match in history. The Alliance lost but guess what, after 5 months every single Alliance superstar returned. The match itself was poor. The Rock eliminated 3 of them and Jericho eliminated 2. The Rock was too caught up with his acting to be there when the invasion began. Jericho was the one that jeopardised the whole match. If I wanted any 2 to be eliminated in the early going it would be them. Everyone knew that Kane, Big Show and Undertaker were just fall guys. 7 matches isn't enough for a Survivor Series. If there's ever a Survivor Series as bad as this again I'll"
tt0303397,Soft for Digging,J.T. Petty,2001,74,"Drama,Horror,Thriller","The premise of the story is simple: An old man living alone in the woods accidentally stumble upon a murder of a small child, and tries to convince the police that the murder has occurred. Though very little dialog is provided throughout the film, the visual narrative told by the camera's eye alone made the film quite engaging. The setting of the gray woods conveys a feeling of loneliness, which complements the quietness of the characters themselves. We can also sense helplessness in the old man's inability to convince the police of the murder, which parallels the silenced child's inability to tell her own story.<br /><br />True horror lies in feelings of hopelessness, helplessness, and irrationality. This film successfully addresses these elements by visuals alone, rather than relying on cheap sound effects or blood and gore that other bad horror films use when the narrative is weak.<br /><br />Cleverly, the story unfolds at a slow pace to build up tension for a few creepy and startling moments. The ending is also unexpected and believable. Reminiscent of Japanese horror films, such as ""The Ring,"" and ""Dark Water,"" or English horror films, such as ""Lady in Black,"" and ""The Innocents,"" this film provides viewers the experience of true atmosphere horror. I recommend anyone who enjoys a good chilling to the bone scare to give this film a try.<br /><br />By the way, if you haven't seen the films I just mentioned above, you might want to give them a try as well."
tt0307385,Rivers and Tides,Thomas Riedelsheimer,2001,90,Documentary,"Greetings again from the darkness. Insight into the mind and motivation of a wonderful artist. How strange for most of us to see someone who MUST work... no matter the conditions, else his reason for living ceases. To see Goldsworthy's sculptures come alive and to see his reaction to each is extremely voyeuristic. This artist creates because he must - not for money or fame. It is his lifeforce. When you see his failures, energy seems to expel from his body like a burst hot air balloon. It is not the dread of beginning again, it is that he takes his energy from his work. Watching him create just to have nature takeover and recall his work is somewhat painful, but nonetheless, breathtaking. He discusses flow and time in the minimal dialog and there appears to be little doubt that the artist and the earth are one in the same. When he says he needs the earth, but it does not need him ... I beg to differ. Only complaint is the musical score seems to slow down further a pace that is relaxing at best."
tt0325597,The Captives,Eric Stanze,2001,71,"Drama,Horror,Thriller","A young man kills a young woman for no reason. The man's brother is jailed on charges that he was an accomplice, but soon escapes. Upon escaping, the seemingly innocent man kidnaps three victims and soon he ropes his girlfriend in on the plot. If this isn't bad enough, the situation quickly makes a downward spiral.<br /><br />This film had some good aspects and many bad ones. Its strongest aspect was lead actress Emily Haack. Setting aside the fact she's nude in a fair amount of this film, she presents herself as a decent actress and a very strong character. I see no reason she cannot take this experience and somehow turn it into a career in some way. I was convinced she was a ruthless individual.<br /><br />Also, the makers of this film were very bold and pulled no punches. Graphic nudity (both male and female), coprophagia, and extreme anal violence are not shied away from. I like my horror films to push the boundaries a little bit, and this one ignored them altogether, gladly skipping towards Gomorrah. Maybe it was too much, but I think they achieved what they were looking for.<br /><br />But now the negative aspects. First, and most noticeable, this film is very low budget and the film quality shows this. I can excuse that -- the plot was decent, the acting fine and in some scenes the lower quality film actually made the movie more disturbing (a more realistic feel). So, I won't scold them for having low-grade equipment. What I will scold them for is the use of poor choices in shots. For no reason I can ascertain (besides plumping the movie), there is a large amount of footage of a cemetery. I don't really know why, and I frankly started dozing off at this point because it was so long and pointless.<br /><br />I also take issue with the title. The idea here was to deceive people into thinking this film had some connection to the classic ""I Spit on Your Grave"". Now, there is a line that seems to imply the main character is the daughter of the woman from this other film. And the themes are very loosely the same (a woman getting revenge on men). But there is no firm connection and the reason this title was chosen was for the video store customer to think they were getting a sequel. This was deceptive and dishonest.<br /><br />My last major complaint is that this plot makes no real sense. Not even a little bit. A woman is killed in the beginning for no reason. A prison escapee finds time to kidnap people to torture them, for no reason (because they wronged his girlfriend?). The same man goes from good to very evil without explanation. Likewise, the female lead (Haack) turns fro ma normal person to someone who is overly cruel and sadistic, for no reason at all, and against people who for the most part were only marginally mean to her (a neighbor offering drugs for sex is wrong, but by no means worth getting tortured for).<br /><br />Don't let this title fool you, or the claims that the film is incredibly shocking. Yes, some scenes were shocking, but the vast majority of the film is dull and makes you want to take a nap. If you see this in the video store or on Netflix, just keep browsing. Or rent it, and we can sit around and vent about it for hours. You have been warned."
tt0385586,Cat Soup,Tatsuo Satō,2001,34,"Animation,Comedy,Fantasy","When I saw this movie a few days ago, my eyes were completely fixed to the screen. Its greatness held my attention to such an extent that I focused all of my attention on it for its entire duration. I would recommend seeing it not just to fans of anime, but to anyone who likes great movies period (or who likes really weird stuff). The style of art is beautiful, the sound is perfect, and the symbolism within it is breathtaking. I've heard complaints about the weird insertion of English text in the movie, but I think the way its done is complementary to the strange style of the movie. The self-attributed description of ""Hello Kitty on acid"" doesn't do justice to this film of absolutely epic proportions. I'd like to find more works by whoever made this, and see them."
tt0502165,12:00 a.m.-1:00 a.m.,Stephen Hopkins,2001,60,"Action,Crime,Drama",I was never a big fan of television until I watched 24 for the first time. I got into the series very late. Season 5 ended before I even saw my very first episode. It was an episode of Series 3 that was on my parents DVR (digital video recorder) box while I was house sitting for the weekend. It took that one episode for me to be hook line and sinker into the world of Jack Bauer. And boy was I hooked!! I watched the next six episodes without blinking an eye. The next day I went to Blockbuster and signed up for an unlimited month pass for twenty something dollars and needless to say it has been the greatest blockbuster money I've ever spent. I watched the first three seasons in three weeks. That's 72 forty minute episodes!!! I will say that finding out what happens next is easier on DVD than waiting an entire week. I can only imagine the anticipation of watching Season 6 week to week!! I find it mildly torturous and cruel but I'm going to give it a try and watch it just like the rest of America!! The DVR is set and you can bet I'll be chomping at the bit!!
tt0000010,Leaving the Factory,Louis Lumière,1895,1,"Documentary,Short","You're using the IMDb.<br /><br />You've given some hefty votes to some of your favourite films.<br /><br />It's something you enjoy doing.<br /><br />And it's all because of this. Fifty seconds. One world ends, another begins.<br /><br />How can it not be given a ten? I wonder at those who give this a seven or an eight... exactly how could THE FIRST FILM EVER MADE be better? For the record, the long, still opening shot is great showmanship, a superb innovation, perfectly suited to the situation. And the dog on the bike is a lovely touch. All this within fifty seconds.<br /><br />The word genius is often overused.<br /><br />THIS is genius."
tt0042752,Trio,"Ken Annakin, Harold French",1950,91,"Drama,Romance","Made after QUARTET was, TRIO continued the quality of the earlier film versions of the short stories by Maugham. Here the three stories are THE VERGER, MR. KNOW-IT-ALL, and SANITORIUM. The first two are comic (THE VERGER is like a prolonged joke, but one with a good pay-off), and the last more serious (as health issues are involved). Again the author introduces the film and the stories.<br /><br />James Hayter, soon to have his signature role as Samuel Pickwick, is the hero in THE VERGER. He holds this small custodial-type job in a church, but the new Vicar (Michael Hordern) is an intellectual snob. When he hears Hayter has no schooling he fires him. Hayter has saved some money, so he tells his wife (Kathleen Harrison) he fancies buying a small news and tobacco shop. He has a good eye, and his store thrives. Soon he has a whole chain of stores. When his grandchild is christened by Hordern, the latter is amazed to see how prosperous his ex-Verger. The payoff is when bank manager Felix Aylmer meets with Hayter about diversifying his investments. I'll leave it to you to hear the unintentional but ironic coda of the meeting.<br /><br />According to Maugham he met a man like Max Kelada (Nigel Patrick) on a cruise. In MR. KNOW-IT-ALL Kelada is a splashy, friendly, and slightly overbearing type from the Middle East who is on a business trip (regarding jewelry) by steamship. His state-room mate is Mr. Grey (the ever quiet and proper Wilfred Hyde-White) who is somewhat, silently disapproving of Max. Max likes to enliven things, and soon is heavily involved in the ship's entertainment. At this point the story actually resembles part of the plot of the non-Maugham story and film CHINA SEAS (1935), as Max makes a bet that he can tell a real piece of jewelry from a fake (after insisting that a piece of jewelry he spotted is real). I won't describe the way Max rises to the occasion.<br /><br />SANITORIUM is the longest segment. Roland Culver plays ""Ashenden"" (the fictional alter-ego of Maugham - a writer and one time spy as in Hitchcock's THE SECRET AGENT). Here he has to use a sanitorium for a couple of months for his health. He finds a remarkable crew of people, including Jean Simmons as a frail but beautiful young woman, Finlay Currie as an irascible Scotsman, John Laurie as a second irascible Scotsman who is ""at war"" with Currie, Raymond Huntley as a quiet patient who only shows his internal anger at his situation when his wife shows up, and Michael Rennie as a young man who has a serious life threatening illness. Culver watches as three stories among these characters play out to their conclusions. The last, dealing with Simmons and Rennie, is ironic but deeply moving.<br /><br />It was a dandy follow-up to the earlier QUARTET, and well worth watching."
tt0071266,Caged Heat,Jonathan Demme,1974,80,"Action,Comedy,Drama","Jonathan Demme's directorial debut for Roger Corman's legendary exploitation outfit New World Pictures rates highly as one of the finest chicks-in-chains 70's grindhouse classics to ever grace celluloid. Beauteous Russ Meyer starlet Eric (""Vixen,"" ""Beyond the Valley of the Dolls"") Gavin gives a robust, winning performance as a brassy, resilient new fish who does her best to persevere in a grimy, hellish penitentiary. The always fabulous Barbara Steele offers a deliciously wicked portrayal as the mean, crippled, sexually frustrated warden (her erotic dream about doing a slow, steamy striptease in front of the lady inmates is a real dilly). Longtime favorite 70's B-movie actress Roberta (""The Arousers,"" ""Unholy Rollers"") Collins delivers a hilariously raunchy and endearing turn as a cheerfully forward, foul-mouthed kleptomaniac felon who tells a gut-busting dirty joke about Pinnochio. Lynda Gold (a.k.a. Crystin Sinclaire of Tobe Hooper's ""Eaten Alive"" and Curtis Harrington's ""Ruby"") makes her lively film debut as uninhibited wildcat Crazy Alice. And the ever-cuddly Cheryl ""Rainbeaux"" Smith does a lovely, touching reprise of her fragile frightened innocent role from ""Lemora: A Child's Tale of the Supernatural."" <br /><br />Although this picture does deliver the expected ample amount of coarse language, nudity, rape and violence, it's still by no means a typically crass and sexist piece of lurid mindless filth; the movie very effectively explores the many ways in which men cruelly exploit women and strongly asserts the pro-feminist notion that women can overcome any obstacles if they band together into a group so they can bravely face their misogynistic oppressors as one mighty fighting force. Demme's zesty, confidant direction comes through with a glorious abundance of astutely observed incidental details and delightful moments of engagingly quirky human behavior. Furthermore, both Tak Fujimoto's vibrant cinematography and John Cale's marvelously dolorous oddball blues score are 100% on the money excellent. Patrick Wright (Sheriff Mack in the uproariously awful cheap-rubber-monster-suit creature feature howler ""Track of the Moonbeast"") has a sidesplitting bit as a jerky cop who has his car stolen by a trio of prison escapees when he stops at a gas station to use the bathroom. Lively, rousing and immensely enjoyable, ""Caged Heat"" qualifies as absolutely essential viewing for 70's drive-in movie fans."
tt0076191,The Incredible Melting Man,William Sachs,1977,86,"Horror,Sci-Fi","A truly unpleasant film. While Rick Baker's special effects are quite impressive (if stomach-turning), it has no other redeeming features. Like many 70s movies, it leaves you feeling as if you need to take a long shower, and scrub the slime off of yourself. The characters are uniformly unpleasant, and plot makes no sense."
tt0076683,The Sentinel,Michael Winner,1977,92,Horror,"Bizarre horror movie filled with famous faces but stolen by Cristina Raines (later of TV's ""Flamingo Road"") as a pretty but somewhat unstable model with a gummy smile who is slated to pay for her attempted suicides by guarding the Gateway to Hell! The scenes with Raines modeling are very well captured, the mood music is perfect, Deborah Raffin is charming as Cristina's pal, but when Raines moves into a creepy Brooklyn Heights brownstone (inhabited by a blind priest on the top floor), things really start cooking. The neighbors, including a fantastically wicked Burgess Meredith and kinky couple Sylvia Miles & Beverly D'Angelo, are a diabolical lot, and Eli Wallach is great fun as a wily police detective. The movie is nearly a cross-pollination of ""Rosemary's Baby"" and ""The Exorcist""--but what a combination! Based on the best-seller by Jeffrey Konvitz, ""The Sentinel"" is entertainingly spooky, full of shocks brought off well by director Michael Winner, who mounts a thoughtfully downbeat ending with skill. ***1/2 from ****"
tt0079813,Rock 'n' Roll High School,"Allan Arkush, Joe Dante",1979,93,"Comedy,Music",Hello. This movie is.......well.......okay. Just kidding! ITS AWESOME! It's NOT a Block Buster smash hit. It's not meant to be. But its a big hit in my world. And my sisters. We are rockin' Rollers. GO RAMONES!!!! This is a great movie.............. For ME!
tt0080520,Cheech and Chong's Next Movie,Tommy Chong,1980,99,"Comedy,Crime","A typical romp through Cheech and Chong's reality which includes drugs, singing, more drugs, cars and driving, even more drugs, Pee Wee, aliens, gasoline, laundry, stand up comedy, surprisingly more drugs and SPACE COKE !!. It is not as coherent or plausible as Up in Smoke but it still is incredibly funny, without becoming as strange as Nice Dreams. There are some classic scenes, which include the opening scene where they get some gas for their car and the drive to work. Also funny is Cheech's song (Mexican-Americans) and Chong's follow up song. Another notable scene is the welfare office scene with Jones (human noise machine), from the Police Academy series, and the old laughing man. All in all, this is a great follow up to Up in Smoke and is quite watchable when sober or not.<br /><br />-Celluloid Rehab"
tt0084021,Grease 2,Patricia Birch,1982,115,"Comedy,Music,Musical","The tenuous connection between this film and the first Grease is established right at the beginning of the film when Didi Conn one of four cast members repeating their roles approaches young Maxwell Caulfield who is a British exchange student. Although in the previous film Olivia Newton St. John's foreign speech pattern is not explained, it's explained here Caulfield is her cousin. What's Conn still doing in school, I guess she just likes hanging around Rydell High even though now she's a beautician.<br /><br />Caulfield's a smart kid, so of course the hood types led by Adrian Zmed have him labeled as a nerd. And that's especially bad when Zmed's girl friend decides she likes Caulfield. But being a nerd just isn't going to cut it.<br /><br />That's when Caulfield decides to put on a modern day Zorro act. He gets a junked bicycle and puts it back together and teaches himself to ride. He gets himself a leather biker outfit with a set of goggles to hide his face. If getting Michelle Pheiffer is not in the cards, Caulfield won't have any trouble making friends at any gay male leather bar the way he's outfitted.<br /><br />Grease 2 introduced Michelle Pheiffer and Maxwell Caulfield and started them on the successful career paths both have enjoyed. If you saw the first Grease film, a much better film, than you definitely have an idea how this film will turn out.<br /><br />In addition to Conn, Eve Arden, Sid Caesar, and Dody Goodman, all faculty members from the original Grease return in their roles. The music score isn't remotely as good as the songs that come from the original.<br /><br />It's not that Grease 2 is bad, it's just not all that great."
tt0087499,"The Jerk, Too",Michael Schultz,1984,95,Comedy,"You can never have seen either film and still know that The Jerk Too is a disaster. The question is not, ""How did it get made,"" because if you throw money at anyone and tell them to make a film, they will do so.<br /><br />No. The question is ""Why, oh why, did Steve Martin allow it to be made?"" I think he needed the money to fight a nuisance lawsuit and was determined it not cost him anything. He knew the sequel was going to be so frightful, that out of pride, he wouldn't even count it's royalties as income. <br /><br />The only way this sequel could not be an embarrassment is to have had Carl Gottlieb and Steve Martin revive the nation's favorite poor black family.<br /><br />And ""dcreasy2001"" (aka Mark Blankfield?): It's just transparently obvious that you worked on this film in some sad capacity, and the only way you can feel better about your involvement is to be the sequel's lone cheerleader as an IMDb user comment. I was praying for you to veer over into satire, but alas, you were really making an effort at spin. Why not 10 stars?"
tt0087507,Johnny Dangerously,Amy Heckerling,1984,90,"Comedy,Crime","For a movie that gets no respect there sure are a lot of memorable quotes listed for this gem. Imagine a movie where Joe Piscopo is actually funny! Maureen Stapleton is a scene stealer. The Moroni character is an absolute scream. Watch for Alan ""The Skipper"" Hale jr. as a police Sgt."
tt0088176,The Stone Boy,Christopher Cain,1984,91,Drama,"It's hard to say sometimes why exactly a film is so effective. From the moment I first came across ""The Stone Boy"", something told me it would be a great film. In spite of that, it seemed very unlikely that I'd ever have the opportunity to actually see it for myself. Then, one day, while looking through the online catalogue of my local library, I saw that they had recently purchased the DVD release of this film. Which I'm extremely glad for, because the cinematography is of a stunning depth and quality that an old VHS copy could never replicate.<br /><br />And speaking of the cinematography, I must single it out as far and above the most stunning aspect of this film. As a photographer who pursues very nearly the exact visual style portrayed in ""The Stone Boy"", I'm a firm believer in the fact that a great cinematographer can almost single-handedly carry a film. Here, he has a lot of help from an extremely talented cast, and a director who understands perfectly what the story needs. But to have Juan Ruiz Anchía behind the camera makes virtually every scene something of beauty. And you can almost never say that. Most films would never even expect such a thing of you. Scene after scene captures some detail, some little bit of visual magic that takes your breath away.<br /><br />The director, Christopher Cain, has had a long and interesting career. As far as I can gather, this film is not very representative of it. But, sometimes, to catch a director near the beginnings of his career, before all the big budgets and loss of focus, there's a real subtle magic to be found. Cain steps back in this film, lets things happen with a life of their own, and then ever further. Much like early John Sayles films, characters are given space to breathe, time to talk. Side stories happen because they do, and that's how life is. Cain displays a remarkable, raw, even outright painful understanding of human nature in this film.<br /><br />The acting ties much of this story together. When people talk, when they exist in this film, they do so as actual people, not held back by the fact that they are playing characters. Gina Berriault's script allows immensely talented and respected actors like Wilford Brimley, Robert Duvall, Glenn Close, and Frederic Forrest to spend time simply existing. Whether the things they have to say are minor or of deep significance, it all comes down with the weight of pure reality.<br /><br />When you look at the actors involved, or the great soundtrack by James Horner, it seems strange that such a film be very nearly forgotten. Maybe much of what makes ""The Stone Boy"" what it is was the time period it was made in. There's this 1970s hangover feeling to this picture that reminds me deeply of my own childhood. People talk of the 80s in terms of modern styles and music, but that's not the 80s I lived in or remember. The look of the images, the understated and dark knowing quality of the acting, and the overall result should get under the skin of any person who grew up in or near this era of time in North America. I see myself in this. I see how I saw the world. And a film like ""The Stone Boy"" sees the world for how it truly is.<br /><br />For more of this feeling, please see:<br /><br />The Black Stallion (1979), Never Cry Wolf (1983), Tender Mercies (1983), Testament (1983), Places in the Heart (1984), Matewan (1987), High Tide (1987), Driving Miss Daisy (1989), The Secret Garden (1993), The Secret of Roan Inish (1994), Wendy and Lucy (2008)"
tt0091631,Nightmare Weekend,Henri Sala,1986,85,"Horror,Sci-Fi","Nightmare Weekend is proof positive that some people are so desperate to be 'in the movies' they are prepared to do almost anything.<br /><br />I'm not referring to the countless women who seem quite happy to appear completely starkers in this dreadful piece of trash (after all, the naked female form is a beautiful thing and nothing to be ashamed of). No...I'm talking about those who are more than willing to co-star with a badly made hand-puppet called George. Now that is embarrassing!!!<br /><br />A bio-electronic being created by brilliant scientist Edward Brake (Wellington Meffert), George (who looks like a demented felt clown with green wool for hair) is the artificially intelligent interface for an advanced computer system that operates a revolutionary device (a silver sphere about the size of a golf ball) that, when ingested, can reverse character disorders.<br /><br />Edward's personality altering experiments have been successful on lab animals, but the cautious scientist is reluctant to carry out tests on human subjects, fearing that there may still be side effects. His evil assistant Julie (Debbie Laster), however, has no such qualms, and proceeds to use three beautiful young women as guinea pigs. Inevitably, they all turn into hideous killer mutants.<br /><br />With bargain basement special effects, a cast totally devoid of talent, and a plot that is almost impossible to follow (I took notes as I watched the film, and even then I am not entirely convinced that my synopsis is accurate), Nightmare Weekend is a complete and utter disaster that not even several soft-core sex scenes and a touch of gore can rescue.<br /><br />This film also features one of the most irritating characters I have ever seen in a horror movie: Tony (Bruce Morton), a Walkman wearing idiot who bops away to crap 80s music in a manner that makes me look like Justin Timberlake in comparison."
tt0096870,Going Overboard,Valerie Breiman,1989,99,Comedy,"...okay, maybe not all of it. Lured by the false promise of bikini-clad women on the movie's cover...but the HORROR...THE HORROR... ...whatever you do, do NOT watch this movie. Gouge out your eyes, repeatedly bash your skull in...do what it takes. Never again--never forget!<br /><br />"
tt0110099,I.Q.,Fred Schepisi,1994,100,"Comedy,Romance","A solid, if unremarkable film. Matthau, as Einstein, was wonderful. My favorite part, and the only thing that would make me go out of my way to see this again, was the wonderful scene with the physicists playing badmitton, I loved the sweaters and the conversation while they waited for Robbins to retrieve the birdie."
tt0114129,Picture Bride,Kayo Hatta,1994,94,"Drama,Romance","For a mature man, to admit that he shed a tear over this film is a mature response, to a mature film.<br /><br />If one need admit more then perhaps one could say that, ""Life"" can never be the same, after viewing such advent for it has moved us to the next level.<br /><br />"
tt0117283,The Pallbearer,Matt Reeves,1996,98,"Comedy,Romance",The Pallbearer is a disappointment and at times extremely boring with a love story that just doesn't work partly with the casting of Gwyneth Paltrow (Julie). Gwyneth Paltrow walks through the entire film with a confused look on her face and its hard to tell what David Schwimmer even sees in her.<br /><br />However The Pallbearer at times is funny particularly the church scene and the group scenes with his friends are a laugh but that's basically it. Watch The Pallbearer for those scenes only and fast forward the rest. Trust me you aren't missing much.
tt0119700,Moonbase,Paolo Mazzucato,1997,89,"Action,Sci-Fi","I watched this movie last night and already I am struggling to recollect very much about it. The story is about a group of criminals who escape from a space penal colony. They fly to the Moon in a space-age dustbin carrier; when there, they terrorise the dustbin men who work on the Moonbase.<br /><br />It strikes me that rubbish low-budget sci-fi films often involve either desert planets or, like this movie, criminals escaping from penal colonies. Why this is I have no idea. But I can say with some certainty that such films are always diabolical. This one is really no exception. It begins reasonably well with a decent credit sequence and a half-way alright dance music soundtrack. It then degenerates into a boring sci-fi thriller. So little of consequence actually happens in this movie that I am literally struggling to write a helpful review, so if you're reading this I apologise for not being able to enlighten you to the film's subtleties and nuances. For the record, I recall a tedious bunch of baddies, a tedious bunch of goodies, some nuclear warheads and a hologram of a naked woman. Other than that, I'm struggling.<br /><br />If you feel you could be interested in the activities of lunar dustbin men then I would not hesitate to recommend this film. I would also recommend it to those of you who wish to send their friends to sleep and steal their wallets."
tt0120157,Soldier,Paul W.S. Anderson,1998,99,"Action,Drama,Sci-Fi","When I rented this movie to watch it, I knew that it was not going to be a mindbender movie. Instead I thought of it as a disbelief of reality where someone is going to get a serious beating. And you know what it worked. Kurt Russel did what I though was a remarkable role in showing the emotionless soldier that he was. I recommend this movie if your out with the boys and want to watch a good action film."
tt0120848,Such a Long Journey,Sturla Gunnarsson,1998,113,Drama,"Aileen Gonsalves, my girlfriend, is in this film playing a secretary at the main character's bank. She has a lovely scene with Roshan Seth in a restaurant. There's more information on her website at >Having stated my personal interest in the film, I have to say that I think it is a beautiful movie - moving, funny and beautifully filmed."
tt0184463,The Fear: Resurrection,Chris Angel,1999,87,Horror,"Twenty years ago, the five years old boy Michael Hawthorne witnessed his father killing his mother with an axe in an empty road and committing suicide later. On the present days, Michael (Gordon Currie) invites his girlfriend Peg (Stacy Grant) and his best friends Chris (Myc Agnew), Jennifer (Emmanuelle Vaugier), Lisa Ann (Kelly Benson), Ned (Brendon Beiser), Mitch Maldive (Phillip Rhys) and Trish (Rachel Hayward) to spend the Halloween in the country with his grandparents in their farm. He asks his friends to wear costumes that would represent their greatest innermost fear, and together with his Indian friend Crow (Byron Chief Moon), they would perform an ancient Indian celebration using the carved wooden dummy Morty (Jon Fedele) that would eliminate their fears forever. The greatest fear of Michael is to become a serial killer like his father, but something goes wrong and Morty turns into his father, killing his friends.<br /><br />""The Fear: Resurrection"" is a disappointing and pointless slash movie that uses the interesting concept of eliminating the greatest innermost fear of each friend before it grows, but in a messy screenplay full of clichés. There are some exaggerated performances, like for example Ms. Betsy Palmer; others very weak, but in general the acting is good. Unfortunately there is no explanation why the dummy is brought to live; further, in spite of being surrounded by close friends, the group does not feel pain or sorrow when each one of them dies. The low-pace along more than fifty minutes could have been used to built a better dramatic situation. In the very end, Michael shows a charm that his father was interested that I have not noticed along the story. I do not know whether the previous reference was edited in the DVD released in Brazil with 87 minutes running time. The special effects are very reasonable for a B-movie. My vote is four.<br /><br />Title (Brazil): ""Fear 2: Uma Noite de Halloween"" (""Fear 2: One Night of Halloween"")"
tt0201538,Les convoyeurs attendent,Benoît Mariage,1999,94,"Comedy,Drama","Strange... I like all this movie crew and dark humor movies; but didn't like this one at all! It's awful, horrible and surely not funny at all. Pity cannot do a whole movie plot, disgust either. And it was really boring. Long empty moments fills the movie; it could have been removed. It should have been in another shorter format, surely. Maybe i expected too much from the crew - like saving the movie lol -. It's also filled with overused clichés of characters and situations... I don't get it why people liked it... ""Poetry"", ""hope""; nope 'mam, didn't see anything like that! ^^ All in all, it's empty and crude, pitiful and hopeless. Oh darn this one........"
tt0207823,A Vow to Cherish,John Schmidt,1999,84,"Drama,Family","This was a good film with a powerful message of love and redemption. I loved the transformation of the brother and the repercussions of the horrible disease on the family. Well-acted and well-directed. If there were any flaws, I'd have to say that the story showed the typical suburban family and their difficulties again. What about all people of all cultural backgrounds? I would love to see a movie where all of these cultures are shown - like in real life. Nevertheless, the film soared in terms of its values and its understanding of the how a disease can bring someone closer to his or her maker. Loved the film and it brought tears to my eyes"
tt0252028,Surviving Christmas,Mike Mitchell,2004,91,"Comedy,Romance","May contain spoilers.<br /><br />I say that, but anyone savvy enough to be reading this can probably figure out every plot turn right from the start.<br /><br />This is not a movie that I liked. I didn't hate it in the way of some movies that insult your intelligence, but it all felt too predictable on its trudge to the requisite happy ending. There were funny bits along the way to be sure, but few were original. At least it didn't go for the gutter.<br /><br />Christina Applegate looks fresh, and Ben Affleck works hard. Their scenes together are actually the only redeeming feature. Everyone else is a cardboard cutout, including, surprisingly, James Gandolfini, who must have made this as a favor to someone.<br /><br />All in all, it's a harmless, but not inspiring, 90 minutes."
tt0256639,The Beaver Trilogy,Trent Harris,2000,83,"Comedy,Documentary,Drama","Yes, this gets the full ten stars. It's plain as day that this fill is genius. The universe sent Trent Harris a young, wonderfully strange man one day and Harris caught him on tape, in all that true misfit glory that you just can't fake. Too bad it ended in tragedy for the young man, if only an alternate ending could be written for that fellow's story. The other two steps in the trilogy do retell the story, with Sean Penn and Crispin Glover in the roles of the young men, respectively. The world is expanded upon and the strangeness is contextualized by the retelling, giving us a broader glimpse into growing up weird in vanilla America. Recommended for anyone and everyone!"
tt0268380,Ice Age,"Chris Wedge, Carlos Saldanha",2002,81,"Adventure,Animation,Comedy","I saw the movie with two grown children. Although it was not as clever as Shrek, I thought it was rather good. In a movie theatre surrounded by children who were on spring break, there was not a sound so I know the children all liked it. There parents also seemed engaged. The death and apparent death of characters brought about the appropriate gasps and comments. Hopefully people realize this movie was made for kids. As such, it was successful although I liked it too. Personally I liked the Scrat!!"
tt0319147,Casomai,Alessandro D'Alatri,2002,114,"Comedy,Romance","(Spoilers)<br /><br />I was very curious to see this film, after having heard that it was clever and witty. I had to stop halfway because of the unbearable boredom I felt.<br /><br />The idea behind the film would have been acceptable: depicting the way the relationship between a man and a woman evolves, through all the problems and difficulties that two people living in a big city can experience. What made me dislike the whole film were two things.<br /><br />First of all, the film was so down-to-earth that it looked as if, by describing the problems that a couple must solve on a day-to-day basis, it became itself ordinary and dull.<br /><br />Secondly, the overall sloppiness of the production, with dialogues that were barely understandable.<br /><br />Too bad."
tt0334541,Tremors 4: The Legend Begins,S.S. Wilson,2004,101,"Action,Adventure,Comedy","Well...tremors I, the original started off in 1990 and i found the movie quite enjoyable to watch. however, they proceeded to make tremors II and III. Trust me, those movies started going downhill right after they finished the first one, i mean, ass blasters??? Now, only God himself is capable of answering the question ""why in Gods name would they create another one of these dumpster dives of a movie?"" Tremors IV cannot be considered a bad movie, in fact it cannot be even considered an epitome of a bad movie, for it lives up to more than that. As i attempted to sit though it, i noticed that my eyes started to bleed, and i hoped profusely that the little girl from the ring would crawl through the TV and kill me. did they really think that dressing the people who had stared in the other movies up as though they we're from the wild west would make the movie (with the exact same occurrences) any better? honestly, i would never suggest buying this movie, i mean, there are cheaper ways to find things that burn well."
tt0408309,"Carmilla, the Lesbian Vampire",Vince D'Amato,2004,85,"Drama,Horror","I honestly have to say that I could not stop watching this movie from the second that it started. Simply for how bad it was!!! It's kinda like watching paint dry only a lot more confusing. I mean you sit there and just wait for something to happen, anything in fact, preferably something that makes the whole film make sense! At the end of the film I actually sat there wondering if there was any chance at all that I may have missed the first hour that explained everything or whether I may have inadvertently passed out during the film and missed the parts that glued the plot(if there was in fact one)together! The main thing that really confused me about this movie, is nearly at the end the main girl (if there was indeed a main girl) was in some sort of alternate reality, i mean what the hell was going on at this point?! all of a sudden she awoke and was in a mental institute, chained to a bed being drugged by doctors or something, then quicker than it would have taken me to slit my wrists, it flipped back and she was getting eaten out by some random vampire!it made no sodding sense! I'm tempted to email the makers and demand my time back, i mean i wasted 2 hours of my life watching this rubbish!i am kinda interested to know if the filmmakers themselves actually knew what it was all about! just seemed someone had edited out all the bits that could have made it make sense though i think the film would have had to have been 4hrs long to make that happen! I side completely with the other person who wrote the other review, i was duped royally with this film by its title, and that alone. I'm just so sodding grateful i didn't actually buy the film, no matter how many times iv seen it in the local pound shop. You would have thought that would have given me a clue that the film was a complete pile of steaming movie rubbish but to be honest I think £1 was way too much money to spend on this film!!!! what a sodding huge waste of time and a good razor blade, i mean i wish i OD'ed, its less painful than watching this film!!!!"
tt0430768,Wild Tigers I Have Known,Cam Archer,2006,88,Drama,"One would think that a film about a young person's coming to terms with his burgeoning homosexuality would be anything but boring. Think again. This production should be bottled and sold as a cure for insomnia because it's about ten times as potent as any sleep aid on the market. It's almost as if the film maker *considered* making a movie, but got lazy and decided instead to run a series of random (and randomly BORING) images and go-nowhere scenes, throw in a couple of actual scenes featuring actual acting, pretend that good lighting ins't important in the film-making process, and wrap it up under the auspices of an ""arthouse"" film. This is exactly kind of crappy product that makes it easy for a lot of traditional film-makers to poo-poo the indie film movement, and which keeps the general public from more easily embracing indie films.<br /><br />If you're interested in films covering this subject matter, you'd be much better off tuning in to some of the great short films available at Logo's website or renting Get Real. Better yet, read Stone Butch Blues. Whatever you do, skip this long-winded piece of dreck."
tt0444628,Fay Grim,Hal Hartley,2006,118,"Action,Comedy,Thriller","It's hard to believe that this is a sequel to Henry Fool. Hard to believe that the same director and actors were involved in both movies. While Henry Fool is refreshing, witty, comical, Fay Grim is slow, boring, and doesn't go anywhere. Where has the wit gone? I am baffled.<br /><br />It is 10 years since I saw Henry Fool and many of its dialogs and scenes are still vivid in my memory. Fay Grim is painful to watch. This is no fault of the actors, who are good (Parker Posey) or great (Jeff Goldblum) -- the blame lies entirely with the plot, the dialog, and even some of the filming (low budget is no excuse). A huge disappointment. <br /><br />Sorry I couldn't pay attention to the plot, I was so bored, so disappointed... if you enjoyed this one you might not enjoy Henry Fool so much... the two movies have absolutely nothing to do with each other... there is no continuity in the characters' personalities... it's all a fraud to entice fans of Henry Fool to watch the sequel.<br /><br />I'm switching this off now -- Henry in some sort of jail with a Taliban?!?!"
tt0453671,Garam Masala,Priyadarshan,2005,146,"Comedy,Romance","I never understood why some people dislike Bollywood films: they've got charismatic actors, great dance numbers, and heightened emotion--what's not to like? What I didn't realize was that I had only seen the upper-crust of Bollywood. Then I watched ""Garam Masala"". I could tell from the first scene that this was not a movie I was going to like (the film opens with a montage of the two leads driving around a city and apparently happening serendipitously on a series of photo setups populated with gyrating models), but I kept hoping things would improve. Sadly, they didn't. The main problem is that the two protagonists, Mac & Sam, are completely unsympathetic. They spend the entire movie lying to women--and lying brutally- -in order to get them into bed, and the audience is supposed to find this funny, and be charmed. The boys are unscrupulous and inept, and not in a lovable way. Mac even goes so far as to have one of the women drugged in order to keep her from discovering his cheating. The script is extremely poor, with repetitive scenes, setups that never lead to anything, and illogical actions and statements by the characters. In fact, the characters are never really developed at all. The males are boorish, greedy jerks, and the women merely interchangeably beautiful. If you go by this movie, you would think that ""air hostesses"" are pretty easy to pass from man to man. In reality, betrayal is not so humorous. <br /><br />The only bright spots I found in the movie were one dance number that had brilliant sets, and a few slapsticky moments involving the French-farce, door-slamming aspects of the story. But Bollywood dancing is better enjoyed in movies choreographed by Farah Khan, and for slapstick you might as well just go straight to the silent comedies of Buster Keaton and Harold Lloyd, who seem to have influenced writer/director Priyadarshan not a little. Priyadarshan also takes false credit for inventing the story: the basic premise of the plot is stolen from the 1960 play ""Boeing Boeing."" The original author of that work, Marc Camoletti, is credited nowhere. At least Priyadarshan changed the title for this remake, rather than brazenly using the original without giving credit, as he did in his 1985 version of this same tale. (According to IMDb's credits list.)"
tt0462346,How to Eat Fried Worms,Bob Dolman,2006,84,"Comedy,Family","It's a strange feeling to sit alone in a theater occupied by parents and their rollicking kids. I felt like instead of a movie ticket, I should have been given a NAMBLA membership.<br /><br />Based upon Thomas Rockwell's respected Book, How To Eat Fried Worms starts like any children's story: moving to a new town. The new kid, fifth grader Billy Forrester was once popular, but has to start anew. Making friends is never easy, especially when the only prospect is Poindexter Adam. Or Erica, who at 4 1/2 feet, is a giant.<br /><br />Further complicating things is Joe the bully. His freckled face and sleeveless shirts are daunting. He antagonizes kids with the Death Ring: a Crackerjack ring that is rumored to kill you if you're punched with it. But not immediately. No, the death ring unleashes a poison that kills you in the eight grade.<br /><br />Joe and his axis of evil welcome Billy by smuggling a handful of slimy worms into his thermos. Once discovered, Billy plays it cool, swearing that he eats worms all the time. Then he throws them at Joe's face. Ewww! To win them over, Billy reluctantly bets that he can eat 10 worms. Fried, boiled, marinated in hot sauce, squashed and spread on a peanut butter sandwich. Each meal is dubbed an exotic name like the ""Radioactive Slime Delight,"" in which the kids finally live out their dream of microwaving a living organism.<br /><br />If you've ever met me, you'll know that I have an uncontrollably hearty laugh. I felt like a creep erupting at a toddler whining that his ""dilly dick"" hurts. But Fried Worms is wonderfully disgusting. Like a G-rated Farrelly brothers film, it is both vomitous and delightful.<br /><br />Writer/director Bob Dolman is also a savvy storyteller. To raise the stakes the worms must be consumed by 7 pm. In addition Billy holds a dark secret: he has an ultra-sensitive stomach.<br /><br />Dolman also has a keen sense of perspective. With such accuracy, he draws on children's insecurities and tendency to exaggerate mundane dilemmas.<br /><br />If you were to hyperbolize this movie the way kids do their quandaries, you will see that it is essentially about war. Freedom-fighter and freedom-hater use pubescent boys as pawns in proxy wars, only to learn a valuable lesson in unity. International leaders can learn a thing or two about global peacekeeping from Fried Worms.<br /><br />At the end of the film, I was comforted when two chaperoning mothers behind me, looked at each other with befuddlement and agreed, ""That was a great movie."" Great, now I won't have to register myself in any lawful databases."
tt0479500,Nancy Drew,Andrew Fleming,2007,99,"Comedy,Crime,Family",OK heres what I say: <br /><br />The movie was excellent. I am a huge Nancy fan and I have read all 1-56 original books and I went on to read more. I am now on 96. Beware of villains giving this movie a lower grade than it should have. All clues point to a wonderful movie! I loved the whole thing. So what Nancy is in current time. She is still old fashioned like she is in the books! People who haven't read more than 5 books are complaining about the view of Nancy. I have read all of them and I think Emma is perfect and that Nancy was perfect. I found parts of the movie spooky. I loved the exciting car chases and get aways. I loved the clues. I solved the mystery myself! It was really wonderful. I suggest you go see it since people who have been complaining know nothing of A what a good movie is and B about Nancy Drew. Go see it. It may not be Oscar worthy but its really a good movie.
tt0806203,Carriers,"David Pastor, Àlex Pastor",2009,84,"Adventure,Drama,Horror","""Carriers"" follows the exploits of two guys and two gals in a stolen Mercedes with the words road warrior on the hood hightailing it down the highway for the beach with surfboards strapped to the top of their car. Brian (Chris Pine of ""Star Trek"") is driving and his girlfriend Bobby (Piper Perabo of ""Coyote Ugly"")has shotgun, while Brian's younger brother, Danny (Lou Taylor Pucci of ""Fanboys"") and his friend--not exactly girlfriend--Kate (Emily VanCamp of ""The Ring 2"") occupy the backseat. This quartet of twentysomething characters are living in a nightmare. Apparently, a viral pandemic--which co-directors & co-scenarists Alex Pastor and David Pastor tell us absolutely nothing about--has devastated America. Naturally, the lack of exposition shaves off at least fifteen minutes that would have slowed down this cynical melodrama about how humans degenerate in a crisis and become their own worst enemies.<br /><br />This lethal virus gives you the shingles and then you bleed and die. Most everybody runs around wearing those white masks strapped to their nose and mouth by a thin rubber band. Initially, this foursome encounters a desperate father, Frank (Christopher Meloni of ""Runaway Bride""),and his cute little daughter Jodie (Kiernan Shipka of ""Land of the Lost"") blocking the highway with their SUV. Brian swerves around Frank when he tries to waylay them, but in the process, the oil pan in their Mercedes ruptures and they wind up on foot. Reluctantly, they hitch a ride with Frank after they seal Jodie up in the rear of the SUV. She wears a mask over her nose and mouth and it is speckled with blood. Frank has heard that doctors are curing ailing people at a hospital and they head to it. Sadly, somebody has lied to Frank. The hospital physician is giving the last couple of kids some Kool-Aid that will put them out of their misery. The cure did not improve their condition. Everybody else in town is dead. Kate tries without success to get a dial tone on every phone. Frank realizes that there is no hope for his daughter and he lets the heroic quartet appropriate his SUV and take off.<br /><br />Indeed, ""Carriers"" qualifies as a relentlessly depressing movie about the effects of a pandemic on four sympathetic people who degenerate into homicidal murderers to protect themselves. They reach a country club and frolic around on a golf course until another four show up in suits and masks with pump-action shotguns. Incredibly, our protagonists manage to escape without getting shot, but Brian has a scare when he almost falls into the water with a floating corpse. Eventually, they discover that one of them has become infected. Later, as they are about to run out of gas, Brian blocks the highway like Frank did at the outset. Danny tries to stop a pair of older Christian women driving the car. Danny lies that his pregnant wife is about to give birth and he needs their help. Brian throws caution to the wind and blasts away at the ladies with his automatic pistol when they refuse to help them. Brian catches a slug in the leg from the passenger, but he kills her. <br /><br />No,""Carriers"" is not a beer & pizza movie that you can either laugh off or laugh with because the humor is virtually non-existent. By the end of this 84-minute movie, our heroes have turned into villains who only care only for themselves and their plight. Chris Pine makes quite an impression as fun-loving Brian and his energetic performance is the only reason to hang with this hokum, while the only other well-known actress, Piper Perabo, is relegated to an inconsequential girlfriend role. As Bobby, she makes tragic the mistake of showing compassion to a dying little girl and pays an awful price. It is a testament to Pine's performance that he can change his character to the point of putting himself before others. Essentially, Pine has the only role that gives him the ability to pull a one-eighty from happy-go-lucky guy to heartless guy. <br /><br />The two directors are Spanish brothers, and they never let the momentum flag. Since there is no relief in sight, ""Carriers"" sinks into predictability. ""Irréversible"" cinematographer Benoît Debie does a fantastic job with his widescreen lensing and as unsavory as this road trip becomes, Debie makes it look like a dynamic film. Aside from the lack of a happy ending or closure in any sense of the word, ""Carriers"" suffers because it is so horribly cynical. The scene when the German shepherd attacks Danny conjures up the most suspense, but even it could have been improved. Unfortunately, the Pastor brothers do not scare up either much tension or suspense. By fade-out, you really don't care what happens to anybody."
tt0810945,Live!,Bill Guttentag,2007,96,Drama,"This is a film that was very well done. I had heard mixed reviews while it was in production and have been waiting for its release! Cheers to the director and all the actors. The supporting cast gave Eva Mendez what she needed to take this to the top. As everyone else here states, the latter portion of the film is riveting. Katie Cassidy did an amazing job with her character, being she had not done a lot of work when this film was made. She has quite the career ahead of her. I was amazed at her performance. I completely enjoyed the film, questioned my values in life and priorities, and am a better person for it! A great message lies within the film. Release it so all can enjoy!"
tt0815241,Religulous,Larry Charles,2008,101,"Comedy,Documentary,War","Some funny bits, but come Bill! A film? Quoting Zeitgeist? Keep the TV Show and the interviews, but a film? I'm probably overreacting but what a unnecessary provoking film... I don't know. I laughed, disagreed, agreed... this film is very confusing and inconsistent.<br /><br />Bill's a funny guy... but also very cocky... Bill's rhetoric is similar to Bill Hicks, a brilliant comedian. But like many comedians, the borderline between comedy and preaching can be annoying. I think that the major problem in this film is his lack of sensibility. This might be just a personal taste, but comedy that constantly demeans somebody cannot be taken as truth. Bill is obviously emotionally reactive to religious fundamentalism. I agree with Bill that religious fanaticism is not sensible, but the response to it cannot be sensible. It will create unnecessary turmoil. We can do better than just react to fundamentalism. His conclusion is that ""we don't know"" and he fervently tries to convince the spectator that nobody knows anything, to the point that the agnostic community has been concerned with his lack of serious research in comparative religion. His humility that he only knows that he doesn't, is a contradiction as he tries to insist that all religious thought is non-sense.<br /><br />I had great trouble seeing bits of Zeitgeist, the movie in Bill's film. All the astrotheology-influenced non-sense that simplifies all religions as the same is simply disappointing. Zeitgeist has provoked a lot of controversy and has messed up the validity of so much of the valuable Religion Studies scholarship. It is very sad how wrong facts have been tossed around with no reliable scholarly sources. Astro-mystic sources that reduce everything to ""the stars say it all"" seem to be from the Middle Ages. This film is a confusing statement from a confused ""agnostic"". Agnosticism is far more complex and philosophically academic than defending every single issue as ""we don't know"".<br /><br />This film is an obvious proof of how postmodernism has been able to oversimplify and generalize major issues in human history.<br /><br />Watch the film (it has hilarious interviews and bits) but PLEASE do not behave like Bill. You cannot expect anybody to have a mature conversation if you are making sardonic comments in every other line. His arguing techniques are demeaning and insulting, provoking emotional reactions rather than rational and logical argumentation.. There needs to be a more mature way of dealing with these issues."
